ds_date,city_name,orders_forecast_rooster,orders_real,worked_hours,rider_payments,utr_diario,cpo_diario,cph_diario
2026-02-19,Barquisimeto,401,333,190.04,6847.97,1.75,20.56,36.03
2026-02-19,Cabimas,0,,,6847.97,,,
2026-02-19,Caracas,4968,4257,2891.58,6847.97,1.47,1.61,2.37
2026-02-19,Guarenas,200,163,121.49,6847.97,1.34,42.01,56.37
2026-02-19,Maracaibo,92,78,56.33,6847.97,1.38,87.79,121.56
2026-02-19,Maracay,0,,,6847.97,,,
2026-02-19,Margarita,160,136,101.64,6847.97,1.34,50.35,67.38
2026-02-19,Puerto la cruz,294,233,164.95,6847.97,1.41,29.39,41.51
2026-02-19,San antonio,0,,,6847.97,,,
2026-02-19,San cristobal,0,,,6847.97,,,
2026-02-19,Test_merida,0,,,6847.97,,,
2026-02-19,Valencia,281,228,137.28,6847.97,1.66,30.03,49.88
2026-02-20,Barquisimeto,455,449,224.99,9108.38,2.0,20.29,40.48
2026-02-20,Cabimas,0,,,9108.38,,,
2026-02-20,Caracas,6042,5781,3322.72,9108.38,1.74,1.58,2.74
2026-02-20,Guarenas,244,224,148.54,9108.38,1.51,40.66,61.32
2026-02-20,Maracaibo,112,83,69.8,9108.38,1.19,109.74,130.49
2026-02-20,Maracay,0,,,9108.38,,,
2026-02-20,Margarita,174,168,122.31,9108.38,1.37,54.22,74.47
2026-02-20,Puerto la cruz,347,279,188.14,9108.38,1.48,32.65,48.41
2026-02-20,San antonio,0,,,9108.38,,,
2026-02-20,San cristobal,0,,,9108.38,,,
2026-02-20,Test_merida,0,,,9108.38,,,
2026-02-20,Valencia,361,302,188.24,9108.38,1.6,30.16,48.39
2026-02-21,Barquisimeto,436,472,216.85,9134.58,2.18,19.35,42.12
2026-02-21,Cabimas,0,,,9134.58,,,
2026-02-21,Caracas,5353,5470,3281.41,9134.58,1.67,1.67,2.78
2026-02-21,Guarenas,251,239,136.21,9134.58,1.75,38.22,67.06
2026-02-21,Maracaibo,93,80,57.41,9134.58,1.39,114.18,159.1
2026-02-21,Maracay,0,,,9134.58,,,
2026-02-21,Margarita,168,165,111.26,9134.58,1.48,55.36,82.1
2026-02-21,Puerto la cruz,345,262,183.84,9134.58,1.43,34.86,49.69
2026-02-21,San antonio,0,,,9134.58,,,
2026-02-21,San cristobal,0,,,9134.58,,,
2026-02-21,Test_merida,0,,,9134.58,,,
2026-02-21,Valencia,315,291,158.23,9134.58,1.84,31.39,57.73
2026-02-22,Barquisimeto,385,432,242.05,8494.34,1.78,19.66,35.09
2026-02-22,Cabimas,0,,,8494.34,,,
2026-02-22,Caracas,5180,5054,3031.84,8494.34,1.67,1.68,2.8
2026-02-22,Guarenas,236,221,160.51,8494.34,1.38,38.44,52.92
2026-02-22,Maracaibo,91,86,54.02,8494.34,1.59,98.77,157.26
2026-02-22,Maracay,0,,,8494.34,,,
2026-02-22,Margarita,168,148,104.39,8494.34,1.42,57.39,81.37
2026-02-22,Puerto la cruz,296,280,185.62,8494.34,1.51,30.34,45.76
2026-02-22,San antonio,0,,,8494.34,,,
2026-02-22,San cristobal,0,,,8494.34,,,
2026-02-22,Test_merida,0,,,8494.34,,,
2026-02-22,Valencia,293,264,158.7,8494.34,1.66,32.18,53.52
2026-02-23,Barquisimeto,368,355,246.02,6475.47,1.44,18.24,26.32
2026-02-23,Cabimas,0,,,6475.47,,,
2026-02-23,Caracas,3721,3933,2431.64,6475.47,1.62,1.65,2.66
2026-02-23,Guarenas,161,127,100.04,6475.47,1.27,50.99,64.73
2026-02-23,Maracaibo,87,79,55.47,6475.47,1.42,81.97,116.74
2026-02-23,Maracay,0,,,6475.47,,,
2026-02-23,Margarita,148,124,92.86,6475.47,1.34,52.22,69.74
2026-02-23,Puerto la cruz,228,269,151.41,6475.47,1.78,24.07,42.77
2026-02-23,San antonio,0,,,6475.47,,,
2026-02-23,San cristobal,0,,,6475.47,,,
2026-02-23,Test_merida,0,,,6475.47,,,
2026-02-23,Valencia,240,212,159.01,6475.47,1.33,30.54,40.72
2026-02-24,Barquisimeto,383,379,181.18,6845.71,2.09,18.06,37.78
2026-02-24,Cabimas,0,,,6845.71,,,
2026-02-24,Caracas,3937,3933,2405.69,6845.71,1.63,1.74,2.85
2026-02-24,Guarenas,171,167,112.52,6845.71,1.48,40.99,60.84
2026-02-24,Maracaibo,95,89,57.74,6845.71,1.54,76.92,118.57
2026-02-24,Maracay,0,,,6845.71,,,
2026-02-24,Margarita,149,142,96.94,6845.71,1.46,48.21,70.61
2026-02-24,Puerto la cruz,258,261,163.04,6845.71,1.6,26.23,41.99
2026-02-24,San antonio,0,,,6845.71,,,
2026-02-24,San cristobal,0,,,6845.71,,,
2026-02-24,Test_merida,0,,,6845.71,,,
2026-02-24,Valencia,256,261,157.07,6845.71,1.66,26.23,43.58
2026-02-25,Barquisimeto,381,355,187.91,7111.76,1.89,20.03,37.85
2026-02-25,Cabimas,0,,,7111.76,,,
2026-02-25,Caracas,4363,4275,2783.46,7111.76,1.54,1.66,2.56
2026-02-25,Guarenas,179,163,116.53,7111.76,1.4,43.63,61.03
2026-02-25,Maracaibo,90,94,60.6,7111.76,1.55,75.66,117.36
2026-02-25,Maracay,0,,,7111.76,,,
2026-02-25,Margarita,152,123,94.54,7111.76,1.3,57.82,75.23
2026-02-25,Puerto la cruz,264,280,163.04,7111.76,1.72,25.4,43.62
2026-02-25,San antonio,0,,,7111.76,,,
2026-02-25,San cristobal,0,,,7111.76,,,
2026-02-25,Test_merida,0,,,7111.76,,,
2026-02-25,Valencia,265,276,154.31,7111.76,1.79,25.77,46.09
2026-02-26,Barquisimeto,388,401,187.33,7869.28,2.14,19.62,42.01
2026-02-26,Cabimas,0,,,7869.28,,,
2026-02-26,Caracas,4694,4760,2956.23,7869.28,1.61,1.65,2.66
2026-02-26,Guarenas,207,198,125.17,7869.28,1.58,39.74,62.87
2026-02-26,Maracaibo,99,78,57.2,7869.28,1.36,100.89,137.57
2026-02-26,Maracay,0,,,7869.28,,,
2026-02-26,Margarita,154,140,102.0,7869.28,1.37,56.21,77.15
2026-02-26,Puerto la cruz,276,291,162.74,7869.28,1.79,27.04,48.35
2026-02-26,San antonio,0,,,7869.28,,,
2026-02-26,San cristobal,0,,,7869.28,,,
2026-02-26,Test_merida,0,,,7869.28,,,
2026-02-26,Valencia,277,294,158.47,7869.28,1.86,26.77,49.66
2026-02-27,Barquisimeto,478,461,237.78,10621.73,1.94,23.04,44.67
2026-02-27,Cabimas,0,,,10621.73,,,
2026-02-27,Caracas,6338,6822,3319.98,10621.73,2.05,1.56,3.2
2026-02-27,Guarenas,287,308,168.82,10621.73,1.82,34.49,62.92
2026-02-27,Maracaibo,112,127,81.73,10621.73,1.55,83.64,129.96
2026-02-27,Maracay,0,,,10621.73,,,
2026-02-27,Margarita,181,183,116.63,10621.73,1.57,58.04,91.07
2026-02-27,Puerto la cruz,365,347,211.19,10621.73,1.64,30.61,50.29
2026-02-27,San antonio,0,,,10621.73,,,
2026-02-27,San cristobal,0,,,10621.73,,,
2026-02-27,Test_merida,0,,,10621.73,,,
2026-02-27,Valencia,353,356,207.05,10621.73,1.72,29.84,51.3
2026-02-28,Barquisimeto,506,471,240.61,9940.89,1.96,21.11,41.32
2026-02-28,Cabimas,0,,,9940.89,,,
2026-02-28,Caracas,5574,6064,3301.96,9940.89,1.84,1.64,3.01
2026-02-28,Guarenas,286,308,157.98,9940.89,1.95,32.28,62.92
2026-02-28,Maracaibo,95,93,71.0,9940.89,1.31,106.89,140.01
2026-02-28,Maracay,0,,,9940.89,,,
2026-02-28,Margarita,177,161,109.67,9940.89,1.47,61.74,90.64
2026-02-28,Puerto la cruz,337,344,192.67,9940.89,1.79,28.9,51.6
2026-02-28,San antonio,0,,,9940.89,,,
2026-02-28,San cristobal,0,,,9940.89,,,
2026-02-28,Test_merida,0,,,9940.89,,,
2026-02-28,Valencia,338,334,185.37,9940.89,1.8,29.76,53.63
2026-03-01,Barquisimeto,403,396,256.46,8917.48,1.54,22.52,34.77
2026-03-01,Cabimas,0,,,8917.48,,,
2026-03-01,Caracas,5331,5388,2950.91,8917.48,1.83,1.66,3.02
2026-03-01,Guarenas,252,278,158.26,8917.48,1.76,32.08,56.35
2026-03-01,Maracaibo,94,88,73.61,8917.48,1.2,101.34,121.15
2026-03-01,Maracay,0,,,8917.48,,,
2026-03-01,Margarita,163,164,103.73,8917.48,1.58,54.37,85.97
2026-03-01,Puerto la cruz,306,306,177.13,8917.48,1.73,29.14,50.34
2026-03-01,San antonio,0,,,8917.48,,,
2026-03-01,San cristobal,0,,,8917.48,,,
2026-03-01,Test_merida,0,,,8917.48,,,
2026-03-01,Valencia,328,292,191.07,8917.48,1.53,30.54,46.67
2026-03-02,Barquisimeto,380,328,227.61,6925.12,1.44,21.11,30.43
2026-03-02,Cabimas,0,,,6925.12,,,
2026-03-02,Caracas,3774,4290,2416.93,6925.12,1.77,1.61,2.87
2026-03-02,Guarenas,176,177,111.84,6925.12,1.58,39.12,61.92
2026-03-02,Maracaibo,91,69,64.35,6925.12,1.07,100.36,107.62
2026-03-02,Maracay,0,,,6925.12,,,
2026-03-02,Margarita,145,127,94.31,6925.12,1.35,54.53,73.43
2026-03-02,Puerto la cruz,279,239,157.59,6925.12,1.52,28.98,43.94
2026-03-02,San antonio,0,,,6925.12,,,
2026-03-02,San cristobal,0,,,6925.12,,,
2026-03-02,Test_merida,0,,,6925.12,,,
2026-03-02,Valencia,260,253,152.62,6925.12,1.66,27.37,45.37
2026-03-03,Barquisimeto,381,390,209.62,7604.95,1.86,19.5,36.28
2026-03-03,Cabimas,0,,,7604.95,,,
2026-03-03,Caracas,3967,4423,2340.58,7604.95,1.89,1.72,3.25
2026-03-03,Guarenas,196,197,117.73,7604.95,1.67,38.6,64.6
2026-03-03,Maracaibo,97,90,68.53,7604.95,1.31,84.5,110.98
2026-03-03,Maracay,0,,,7604.95,,,
2026-03-03,Margarita,149,157,101.99,7604.95,1.54,48.44,74.57
2026-03-03,Puerto la cruz,275,306,165.41,7604.95,1.85,24.85,45.98
2026-03-03,San antonio,0,,,7604.95,,,
2026-03-03,San cristobal,0,,,7604.95,,,
2026-03-03,Test_merida,0,,,7604.95,,,
2026-03-03,Valencia,274,271,157.45,7604.95,1.72,28.06,48.3
2026-03-04,Barquisimeto,385,389,196.34,7305.64,1.98,18.78,37.21
2026-03-04,Cabimas,0,,,7305.64,,,
2026-03-04,Caracas,4355,4452,2584.45,7305.64,1.72,1.64,2.83
2026-03-04,Guarenas,199,185,125.64,7305.64,1.47,39.49,58.15
2026-03-04,Maracaibo,89,87,66.42,7305.64,1.31,83.97,109.98
2026-03-04,Maracay,0,,,7305.64,,,
2026-03-04,Margarita,145,137,93.88,7305.64,1.46,53.33,77.82
2026-03-04,Puerto la cruz,283,243,154.33,7305.64,1.57,30.06,47.34
2026-03-04,San antonio,0,,,7305.64,,,
2026-03-04,San cristobal,0,,,7305.64,,,
2026-03-04,Test_merida,0,,,7305.64,,,
2026-03-04,Valencia,283,270,155.27,7305.64,1.74,27.06,47.05
2026-03-05,Barquisimeto,399,405,199.94,7554.3,2.03,18.65,37.78
2026-03-05,Cabimas,0,,,7554.3,,,
2026-03-05,Caracas,5004,4690,2853.54,7554.3,1.64,1.61,2.65
2026-03-05,Guarenas,203,192,113.51,7554.3,1.69,39.35,66.55
2026-03-05,Maracaibo,86,96,70.17,7554.3,1.37,78.69,107.66
2026-03-05,Maracay,0,,,7554.3,,,
2026-03-05,Margarita,155,153,98.45,7554.3,1.55,49.37,76.73
2026-03-05,Puerto la cruz,291,244,155.43,7554.3,1.57,30.96,48.6
2026-03-05,San antonio,0,,,7554.3,,,
2026-03-05,San cristobal,0,,,7554.3,,,
2026-03-05,Test_merida,0,,,7554.3,,,
2026-03-05,Valencia,291,241,154.07,7554.3,1.56,31.35,49.03
2026-03-06,Barquisimeto,475,469,225.49,9807.43,2.08,20.91,43.49
2026-03-06,Cabimas,0,,,9807.43,,,
2026-03-06,Caracas,6221,6332,3265.05,9807.43,1.94,1.55,3.0
2026-03-06,Guarenas,278,262,156.42,9807.43,1.67,37.43,62.7
2026-03-06,Maracaibo,98,94,67.5,9807.43,1.39,104.33,145.29
2026-03-06,Maracay,0,,,9807.43,,,
2026-03-06,Margarita,175,175,113.27,9807.43,1.55,56.04,86.59
2026-03-06,Puerto la cruz,340,336,188.9,9807.43,1.78,29.19,51.92
2026-03-06,San antonio,0,,,9807.43,,,
2026-03-06,San cristobal,0,,,9807.43,,,
2026-03-06,Test_merida,0,,,9807.43,,,
2026-03-06,Valencia,359,302,199.65,9807.43,1.51,32.47,49.12
2026-03-07,Barquisimeto,486,342,247.65,7843.19,1.38,22.93,31.67
2026-03-07,Cabimas,0,,,7843.19,,,
2026-03-07,Caracas,5526,4729,3223.65,7843.19,1.47,1.66,2.43
2026-03-07,Guarenas,275,245,145.07,7843.19,1.69,32.01,54.07
2026-03-07,Maracaibo,93,69,64.24,7843.19,1.07,113.67,122.1
2026-03-07,Maracay,0,,,7843.19,,,
2026-03-07,Margarita,169,139,101.52,7843.19,1.37,56.43,77.26
2026-03-07,Puerto la cruz,339,306,190.61,7843.19,1.61,25.63,41.15
2026-03-07,San antonio,0,,,7843.19,,,
2026-03-07,San cristobal,0,,,7843.19,,,
2026-03-07,Test_merida,0,,,7843.19,,,
2026-03-07,Valencia,344,250,173.79,7843.19,1.44,31.37,45.13
2026-03-08,Barquisimeto,382,399,255.71,8938.11,1.56,22.4,34.95
2026-03-08,Cabimas,0,,,8938.11,,,
2026-03-08,Caracas,5041,5457,2997.46,8938.11,1.82,1.64,2.98
2026-03-08,Guarenas,249,277,155.88,8938.11,1.78,32.27,57.34
2026-03-08,Maracaibo,91,79,60.59,8938.11,1.3,113.14,147.52
2026-03-08,Maracay,0,,,8938.11,,,
2026-03-08,Margarita,161,173,107.52,8938.11,1.61,51.67,83.13
2026-03-08,Puerto la cruz,300,312,186.52,8938.11,1.67,28.65,47.92
2026-03-08,San antonio,0,,,8938.11,,,
2026-03-08,San cristobal,0,,,8938.11,,,
2026-03-08,Test_merida,0,,,8938.11,,,
2026-03-08,Valencia,315,295,173.7,8938.11,1.7,30.3,51.46
2026-03-09,Barquisimeto,361,317,179.82,6602.99,1.76,20.83,36.72
2026-03-09,Cabimas,0,,,6602.99,,,
2026-03-09,Caracas,4179,4067,2542.75,6602.99,1.6,1.62,2.6
2026-03-09,Guarenas,183,153,95.67,6602.99,1.6,43.16,69.02
2026-03-09,Maracaibo,86,96,56.46,6602.99,1.7,68.78,116.95
2026-03-09,Maracay,0,,,6602.99,,,
2026-03-09,Margarita,146,127,88.29,6602.99,1.44,51.99,74.79
2026-03-09,Puerto la cruz,277,256,160.34,6602.99,1.6,25.79,41.18
2026-03-09,San antonio,0,,,6602.99,,,
2026-03-09,San cristobal,0,,,6602.99,,,
2026-03-09,Test_merida,0,,,6602.99,,,
2026-03-09,Valencia,261,221,134.48,6602.99,1.64,29.88,49.1
2026-03-10,Barquisimeto,378,395,193.49,7066.09,2.04,17.89,36.52
2026-03-10,Cabimas,0,,,7066.09,,,
2026-03-10,Caracas,4301,4132,2592.54,7066.09,1.59,1.71,2.73
2026-03-10,Guarenas,189,177,108.95,7066.09,1.62,39.92,64.86
2026-03-10,Maracaibo,96,100,58.27,7066.09,1.72,70.66,121.26
2026-03-10,Maracay,0,,,7066.09,,,
2026-03-10,Margarita,149,154,100.85,7066.09,1.53,45.88,70.06
2026-03-10,Puerto la cruz,289,254,167.27,7066.09,1.52,27.82,42.24
2026-03-10,San antonio,0,,,7066.09,,,
2026-03-10,San cristobal,0,,,7066.09,,,
2026-03-10,Test_merida,0,,,7066.09,,,
2026-03-10,Valencia,290,242,149.78,7066.09,1.62,29.2,47.18
2026-03-11,Barquisimeto,376,368,184.31,7241.68,2.0,19.68,39.29
2026-03-11,Cabimas,0,,,7241.68,,,
2026-03-11,Caracas,4425,4439,2675.58,7241.68,1.66,1.63,2.71
2026-03-11,Guarenas,194,165,114.04,7241.68,1.45,43.89,63.5
2026-03-11,Maracaibo,96,107,61.08,7241.68,1.75,67.68,118.55
2026-03-11,Maracay,0,,,7241.68,,,
2026-03-11,Margarita,150,164,101.5,7241.68,1.62,44.16,71.35
2026-03-11,Puerto la cruz,290,272,168.78,7241.68,1.61,26.62,42.91
2026-03-11,San antonio,0,,,7241.68,,,
2026-03-11,San cristobal,0,,,7241.68,,,
2026-03-11,Test_merida,0,,,7241.68,,,
2026-03-11,Valencia,299,278,147.58,7241.68,1.88,26.05,49.07
2026-03-12,Barquisimeto,410,373,173.47,7682.31,2.15,20.6,44.29
2026-03-12,Cabimas,0,,,7682.31,,,
2026-03-12,Caracas,4844,4834,2807.06,7682.31,1.72,1.59,2.74
2026-03-12,Guarenas,198,169,112.3,7682.31,1.5,45.46,68.41
2026-03-12,Maracaibo,115,87,63.95,7682.31,1.36,88.3,120.12
2026-03-12,Maracay,0,,,7682.31,,,
2026-03-12,Margarita,160,151,102.39,7682.31,1.47,50.88,75.03
2026-03-12,Puerto la cruz,318,271,167.03,7682.31,1.62,28.35,45.99
2026-03-12,San antonio,0,,,7682.31,,,
2026-03-12,San cristobal,0,,,7682.31,,,
2026-03-12,Test_merida,0,,,7682.31,,,
2026-03-12,Valencia,313,279,147.27,7682.31,1.89,27.54,52.16
2026-03-13,Barquisimeto,491,483,240.1,10414.16,2.01,21.56,43.37
2026-03-13,Cabimas,0,,,10414.16,,,
2026-03-13,Caracas,7075,6717,3548.26,10414.16,1.89,1.55,2.94
2026-03-13,Guarenas,327,297,175.88,10414.16,1.69,35.06,59.21
2026-03-13,Maracaibo,144,94,77.57,10414.16,1.21,110.79,134.26
2026-03-13,Maracay,0,,,10414.16,,,
2026-03-13,Margarita,191,187,110.84,10414.16,1.69,55.69,93.96
2026-03-13,Puerto la cruz,382,367,217.18,10414.16,1.69,28.38,47.95
2026-03-13,San antonio,0,,,10414.16,,,
2026-03-13,San cristobal,0,,,10414.16,,,
2026-03-13,Test_merida,0,,,10414.16,,,
2026-03-13,Valencia,370,359,190.07,10414.16,1.89,29.01,54.79
2026-03-14,Barquisimeto,496,488,244.3,10455.36,2.0,21.42,42.8
2026-03-14,Cabimas,0,,,10455.36,,,
2026-03-14,Caracas,6181,6436,3459.53,10455.36,1.86,1.62,3.02
2026-03-14,Guarenas,331,321,173.18,10455.36,1.85,32.57,60.37
2026-03-14,Maracaibo,115,94,57.71,10455.36,1.63,111.23,181.18
2026-03-14,Maracay,0,,,10455.36,,,
2026-03-14,Margarita,170,187,110.71,10455.36,1.69,55.91,94.44
2026-03-14,Puerto la cruz,380,401,204.26,10455.36,1.96,26.07,51.19
2026-03-14,San antonio,0,,,10455.36,,,
2026-03-14,San cristobal,0,,,10455.36,,,
2026-03-14,Test_merida,0,,,10455.36,,,
2026-03-14,Valencia,340,321,175.81,10455.36,1.83,32.57,59.47
2026-03-15,Barquisimeto,419,420,256.53,9542.81,1.64,22.72,37.2
2026-03-15,Cabimas,0,,,9542.81,,,
2026-03-15,Caracas,5622,5928,3014.35,9542.81,1.97,1.61,3.17
2026-03-15,Guarenas,288,259,153.81,9542.81,1.68,36.84,62.04
2026-03-15,Maracaibo,101,95,57.94,9542.81,1.64,100.45,164.7
2026-03-15,Maracay,0,,,9542.81,,,
2026-03-15,Margarita,169,181,108.09,9542.81,1.67,52.72,88.29
2026-03-15,Puerto la cruz,326,318,176.02,9542.81,1.81,30.01,54.21
2026-03-15,San antonio,0,,,9542.81,,,
2026-03-15,San cristobal,0,,,9542.81,,,
2026-03-15,Test_merida,0,,,9542.81,,,
2026-03-15,Valencia,322,304,177.54,9542.81,1.71,31.39,53.75
2026-03-16,Barquisimeto,368,471,267.39,8456.29,1.76,17.95,31.63
2026-03-16,Cabimas,0,,,8456.29,,,
2026-03-16,Caracas,4599,4644,2279.81,8456.29,2.04,1.82,3.71
2026-03-16,Guarenas,187,173,101.41,8456.29,1.71,48.88,83.38
2026-03-16,Maracaibo,100,107,62.01,8456.29,1.73,79.03,136.38
2026-03-16,Maracay,0,0,,8456.29,,,
2026-03-16,Margarita,156,168,104.42,8456.29,1.61,50.34,80.99
2026-03-16,Puerto la cruz,282,261,166.6,8456.29,1.57,32.4,50.76
2026-03-16,San antonio,0,,,8456.29,,,
2026-03-16,San cristobal,0,,,8456.29,,,
2026-03-16,Test_merida,0,,,8456.29,,,
2026-03-16,Valencia,267,269,144.36,8456.29,1.86,31.44,58.58
2026-03-17,Barquisimeto,416,441,217.46,8757.56,2.03,19.86,40.27
2026-03-17,Cabimas,0,,,8757.56,,,
2026-03-17,Caracas,4702,4873,2599.4,8757.56,1.87,1.8,3.37
2026-03-17,Guarenas,208,217,120.25,8757.56,1.8,40.36,72.83
2026-03-17,Maracaibo,104,90,53.82,8757.56,1.67,97.31,162.71
2026-03-17,Maracay,0,1,1.74,8757.56,0.57,8757.56,5025.06
2026-03-17,Margarita,171,163,104.18,8757.56,1.56,53.73,84.06
2026-03-17,Puerto la cruz,303,352,177.28,8757.56,1.99,24.88,49.4
2026-03-17,San antonio,0,,,8757.56,,,
2026-03-17,San cristobal,0,,,8757.56,,,
2026-03-17,Test_merida,0,,,8757.56,,,
2026-03-17,Valencia,288,299,155.63,8757.56,1.92,29.29,56.27
2026-03-18,Barquisimeto,412,448,223.34,8007.33,2.01,17.87,35.85
2026-03-18,Cabimas,0,,,8007.33,,,
2026-03-18,Caracas,4927,4760,2808.71,8007.33,1.69,1.68,2.85
2026-03-18,Guarenas,207,218,142.41,8007.33,1.53,36.73,56.23
2026-03-18,Maracaibo,105,94,62.79,8007.33,1.5,85.18,127.53
2026-03-18,Maracay,0,26,192.04,8007.33,0.14,307.97,41.7
2026-03-18,Margarita,164,164,123.16,8007.33,1.33,48.83,65.02
2026-03-18,Puerto la cruz,294,305,171.87,8007.33,1.77,26.25,46.59
2026-03-18,San antonio,0,,,8007.33,,,
2026-03-18,San cristobal,0,,,8007.33,,,
2026-03-18,Test_merida,0,,,8007.33,,,
2026-03-18,Valencia,282,282,193.77,8007.33,1.46,28.39,41.32
2026-03-19,Barquisimeto,433,435,198.99,7721.9,2.19,17.75,38.81
2026-03-19,Cabimas,0,,,7721.9,,,
2026-03-19,Caracas,4916,4669,2686.28,7721.9,1.74,1.65,2.87
2026-03-19,Guarenas,215,203,112.51,7721.9,1.8,38.04,68.63
2026-03-19,Maracaibo,115,75,54.53,7721.9,1.38,102.96,141.62
2026-03-19,Maracay,0,9,184.84,7721.9,0.05,857.99,41.78
2026-03-19,Margarita,167,157,105.39,7721.9,1.49,49.18,73.27
2026-03-19,Puerto la cruz,318,275,160.31,7721.9,1.72,28.08,48.17
2026-03-19,San antonio,0,,,7721.9,,,
2026-03-19,San cristobal,0,,,7721.9,,,
2026-03-19,Test_merida,0,,,7721.9,,,
2026-03-19,Valencia,301,265,150.79,7721.9,1.76,29.14,51.21
2026-03-20,Barquisimeto,502,504,241.95,9920.33,2.08,19.68,41.0
2026-03-20,Cabimas,0,,,9920.33,,,
2026-03-20,Caracas,6796,6122,3358.84,9920.33,1.82,1.62,2.95
2026-03-20,Guarenas,330,236,164.14,9920.33,1.44,42.04,60.44
2026-03-20,Maracaibo,138,107,81.37,9920.33,1.31,92.71,121.92
2026-03-20,Maracay,0,34,189.01,9920.33,0.18,291.77,52.49
2026-03-20,Margarita,199,176,122.93,9920.33,1.43,56.37,80.7
2026-03-20,Puerto la cruz,388,324,185.6,9920.33,1.75,30.62,53.45
2026-03-20,San antonio,0,,,9920.33,,,
2026-03-20,San cristobal,0,,,9920.33,,,
2026-03-20,Test_merida,0,,,9920.33,,,
2026-03-20,Valencia,365,296,183.27,9920.33,1.62,33.51,54.13
2026-03-21,Barquisimeto,495,476,246.41,10158.02,1.93,21.34,41.22
2026-03-21,Cabimas,0,,,10158.02,,,
2026-03-21,Caracas,6174,6022,3395.72,10158.02,1.77,1.69,2.99
2026-03-21,Guarenas,318,318,166.25,10158.02,1.91,31.94,61.1
2026-03-21,Maracaibo,101,69,59.5,10158.02,1.16,147.22,170.73
2026-03-21,Maracay,0,30,158.23,10158.02,0.19,338.6,64.2
2026-03-21,Margarita,179,191,112.55,10158.02,1.7,53.18,90.26
2026-03-21,Puerto la cruz,381,367,189.99,10158.02,1.93,27.68,53.46
2026-03-21,San antonio,0,,,10158.02,,,
2026-03-21,San cristobal,0,,,10158.02,,,
2026-03-21,Test_merida,0,,,10158.02,,,
2026-03-21,Valencia,346,351,178.26,10158.02,1.97,28.94,56.98
2026-03-22,Barquisimeto,437,407,233.41,9137.22,1.74,22.45,39.15
2026-03-22,Cabimas,0,,,9137.22,,,
2026-03-22,Caracas,5840,5601,2874.45,9137.22,1.95,1.63,3.18
2026-03-22,Guarenas,289,280,149.57,9137.22,1.87,32.63,61.09
2026-03-22,Maracaibo,98,100,49.91,9137.22,2.0,91.37,183.08
2026-03-22,Maracay,0,32,120.89,9137.22,0.26,285.54,75.59
2026-03-22,Margarita,183,173,105.91,9137.22,1.63,52.82,86.27
2026-03-22,Puerto la cruz,342,271,156.66,9137.22,1.73,33.72,58.32
2026-03-22,San antonio,0,,,9137.22,,,
2026-03-22,San cristobal,0,,,9137.22,,,
2026-03-22,Test_merida,0,,,9137.22,,,
2026-03-22,Valencia,325,269,157.83,9137.22,1.7,33.97,57.89
2026-03-23,Barquisimeto,465,385,244.19,7021.27,1.58,18.24,28.75
2026-03-23,Cabimas,0,,,7021.27,,,
2026-03-23,Caracas,4677,4214,2832.71,7021.27,1.49,1.67,2.48
2026-03-23,Guarenas,185,172,99.33,7021.27,1.73,40.82,70.69
2026-03-23,Maracaibo,101,90,63.18,7021.27,1.42,78.01,111.13
2026-03-23,Maracay,7,18,108.26,7021.27,0.17,390.07,64.86
2026-03-23,Margarita,164,147,99.76,7021.27,1.47,47.76,70.38
2026-03-23,Puerto la cruz,276,253,148.65,7021.27,1.7,27.75,47.23
2026-03-23,San antonio,0,,,7021.27,,,
2026-03-23,San cristobal,0,,,7021.27,,,
2026-03-23,Test_merida,0,,,7021.27,,,
2026-03-23,Valencia,271,253,138.48,7021.27,1.83,27.75,50.7
2026-03-24,Barquisimeto,428,424,204.78,7266.71,2.07,17.14,35.49
2026-03-24,Cabimas,0,,,7266.71,,,
2026-03-24,Caracas,4732,4160,2588.79,7266.71,1.61,1.75,2.81
2026-03-24,Guarenas,206,180,113.25,7266.71,1.59,40.37,64.16
2026-03-24,Maracaibo,98,85,62.24,7266.71,1.37,85.49,116.75
2026-03-24,Maracay,8,29,136.01,7266.71,0.21,250.58,53.43
2026-03-24,Margarita,171,125,98.03,7266.71,1.28,58.13,74.13
2026-03-24,Puerto la cruz,312,260,169.49,7266.71,1.53,27.95,42.87
2026-03-24,San antonio,0,,,7266.71,,,
2026-03-24,San cristobal,0,,,7266.71,,,
2026-03-24,Test_merida,0,,,7266.71,,,
2026-03-24,Valencia,290,282,154.21,7266.71,1.83,25.77,47.12
2026-03-25,Barquisimeto,449,422,198.47,7717.49,2.13,18.29,38.88
2026-03-25,Cabimas,0,,,7717.49,,,
2026-03-25,Caracas,4904,4695,2714.22,7717.49,1.73,1.64,2.84
2026-03-25,Guarenas,211,201,114.81,7717.49,1.75,38.4,67.22
2026-03-25,Maracaibo,108,105,65.11,7717.49,1.61,73.5,118.53
2026-03-25,Maracay,18,25,115.91,7717.49,0.22,308.7,66.58
2026-03-25,Margarita,166,153,92.21,7717.49,1.66,50.44,83.7
2026-03-25,Puerto la cruz,291,250,152.99,7717.49,1.63,30.87,50.44
2026-03-25,San antonio,0,,,7717.49,,,
2026-03-25,San cristobal,0,,,7717.49,,,
2026-03-25,Test_merida,0,,,7717.49,,,
2026-03-25,Valencia,287,254,139.27,7717.49,1.82,30.38,55.41
2026-03-26,Barquisimeto,465,447,196.02,8065.76,2.28,18.04,41.15
2026-03-26,Cabimas,0,,,8065.76,,,
2026-03-26,Caracas,5197,5002,2871.56,8065.76,1.74,1.61,2.81
2026-03-26,Guarenas,220,230,117.24,8065.76,1.96,35.07,68.8
2026-03-26,Maracaibo,100,91,59.81,8065.76,1.52,88.63,134.86
2026-03-26,Maracay,21,20,138.3,8065.76,0.14,403.29,58.32
2026-03-26,Margarita,176,176,95.72,8065.76,1.84,45.83,84.27
2026-03-26,Puerto la cruz,282,262,156.21,8065.76,1.68,30.79,51.63
2026-03-26,San antonio,0,,,8065.76,,,
2026-03-26,San cristobal,0,,,8065.76,,,
2026-03-26,Test_merida,0,,,8065.76,,,
2026-03-26,Valencia,304,264,146.89,8065.76,1.8,30.55,54.91
2026-03-27,Barquisimeto,540,518,264.45,10720.45,1.96,20.7,40.54
2026-03-27,Cabimas,0,,,10720.45,,,
2026-03-27,Caracas,7149,6780,3374.38,10720.45,2.01,1.58,3.18
2026-03-27,Guarenas,329,290,160.24,10720.45,1.81,36.97,66.9
2026-03-27,Maracaibo,113,83,67.31,10720.45,1.23,129.16,159.26
2026-03-27,Maracay,26,33,135.28,10720.45,0.24,324.86,79.24
2026-03-27,Margarita,232,176,132.13,10720.45,1.33,60.91,81.14
2026-03-27,Puerto la cruz,445,383,213.13,10720.45,1.8,27.99,50.3
2026-03-27,San antonio,0,,,10720.45,,,
2026-03-27,San cristobal,0,,,10720.45,,,
2026-03-27,Test_merida,0,,,10720.45,,,
2026-03-27,Valencia,371,363,195.21,10720.45,1.86,29.53,54.92
2026-03-28,Barquisimeto,519,497,259.06,10107.01,1.92,20.34,39.01
2026-03-28,Cabimas,0,,,10107.01,,,
2026-03-28,Caracas,6653,6053,3500.38,10107.01,1.73,1.67,2.89
2026-03-28,Guarenas,332,289,150.69,10107.01,1.92,34.97,67.07
2026-03-28,Maracaibo,106,76,61.23,10107.01,1.24,132.99,165.08
2026-03-28,Maracay,27,33,125.07,10107.01,0.26,306.27,80.81
2026-03-28,Margarita,205,181,113.77,10107.01,1.59,55.84,88.84
2026-03-28,Puerto la cruz,414,359,208.75,10107.01,1.72,28.15,48.42
2026-03-28,San antonio,0,,,10107.01,,,
2026-03-28,San cristobal,0,,,10107.01,,,
2026-03-28,Test_merida,0,,,10107.01,,,
2026-03-28,Valencia,338,340,168.6,10107.01,2.02,29.73,59.95
2026-03-29,Barquisimeto,457,398,247.43,11428.75,1.61,28.72,46.19
2026-03-29,Cabimas,0,,,11428.75,,,
2026-03-29,Caracas,6231,5346,2914.42,11428.75,1.83,2.14,3.92
2026-03-29,Guarenas,295,294,144.03,11428.75,2.04,38.87,79.35
2026-03-29,Maracaibo,101,72,55.12,11428.75,1.31,158.73,207.35
2026-03-29,Maracay,31,33,101.86,11428.75,0.32,346.33,112.2
2026-03-29,Margarita,225,213,124.78,11428.75,1.71,53.66,91.59
2026-03-29,Puerto la cruz,337,302,169.75,11428.75,1.78,37.84,67.33
2026-03-29,San antonio,0,,,11428.75,,,
2026-03-29,San cristobal,0,,,11428.75,,,
2026-03-29,Test_merida,0,,,11428.75,,,
2026-03-29,Valencia,327,268,155.79,11428.75,1.72,42.64,73.36
2026-03-30,Barquisimeto,500,337,240.2,6808.64,1.4,20.2,28.35
2026-03-30,Cabimas,0,,,6808.64,,,
2026-03-30,Caracas,4946,4171,2645.47,6808.64,1.58,1.63,2.57
2026-03-30,Guarenas,195,171,111.13,6808.64,1.54,39.82,61.27
2026-03-30,Maracaibo,115,82,67.9,6808.64,1.21,83.03,100.27
2026-03-30,Maracay,30,28,107.31,6808.64,0.26,243.17,63.45
2026-03-30,Margarita,199,173,116.32,6808.64,1.49,39.36,58.53
2026-03-30,Puerto la cruz,303,210,159.67,6808.64,1.32,32.42,42.64
2026-03-30,San antonio,0,,,6808.64,,,
2026-03-30,San cristobal,0,,,6808.64,,,
2026-03-30,Test_merida,0,,,6808.64,,,
2026-03-30,Valencia,278,225,138.25,6808.64,1.63,30.26,49.25
2026-03-31,Barquisimeto,478,437,228.17,9197.77,1.92,21.05,40.31
2026-03-31,Cabimas,0,,,9197.77,,,
2026-03-31,Caracas,5403,4970,2748.58,9197.77,1.81,1.85,3.35
2026-03-31,Guarenas,233,251,113.15,9197.77,2.22,36.64,81.29
2026-03-31,Maracaibo,110,103,63.73,9197.77,1.62,89.3,144.33
2026-03-31,Maracay,32,24,122.98,9197.77,0.2,383.24,74.79
2026-03-31,Margarita,220,174,120.42,9197.77,1.44,52.86,76.38
2026-03-31,Puerto la cruz,356,380,191.42,9197.77,1.99,24.2,48.05
2026-03-31,San antonio,0,,,9197.77,,,
2026-03-31,San cristobal,0,,,9197.77,,,
2026-03-31,Test_merida,0,,,9197.77,,,
2026-03-31,Valencia,310,326,156.56,9197.77,2.08,28.21,58.75
2026-04-01,Barquisimeto,502,505,239.38,10064.11,2.11,19.93,42.04
2026-04-01,Cabimas,0,,,10064.11,,,
2026-04-01,Caracas,5826,5380,2927.78,10064.11,1.84,1.87,3.44
2026-04-01,Guarenas,228,237,118.9,10064.11,1.99,42.46,84.64
2026-04-01,Maracaibo,104,91,61.99,10064.11,1.47,110.59,162.35
2026-04-01,Maracay,33,26,96.64,10064.11,0.27,387.08,104.14
2026-04-01,Margarita,227,210,118.95,10064.11,1.77,47.92,84.61
2026-04-01,Puerto la cruz,351,369,191.61,10064.11,1.93,27.27,52.52
2026-04-01,San antonio,0,,,10064.11,,,
2026-04-01,San cristobal,0,,,10064.11,,,
2026-04-01,Test_merida,0,,,10064.11,,,
2026-04-01,Valencia,329,342,164.5,10064.11,2.08,29.43,61.18
2026-04-02,Barquisimeto,486,379,229.2,8094.79,1.65,21.36,35.32
2026-04-02,Cabimas,0,,,8094.79,,,
2026-04-02,Caracas,5498,4450,2749.43,8094.79,1.62,1.82,2.94
2026-04-02,Guarenas,233,208,115.82,8094.79,1.8,38.92,69.89
2026-04-02,Maracaibo,105,72,57.55,8094.79,1.25,112.43,140.65
2026-04-02,Maracay,25,35,96.45,8094.79,0.36,231.28,83.93
2026-04-02,Margarita,198,198,104.38,8094.79,1.9,40.88,77.55
2026-04-02,Puerto la cruz,314,274,169.4,8094.79,1.62,29.54,47.79
2026-04-02,San antonio,0,,,8094.79,,,
2026-04-02,San cristobal,0,,,8094.79,,,
2026-04-02,Test_merida,0,,,8094.79,,,
2026-04-02,Valencia,314,251,145.73,8094.79,1.72,32.25,55.55
2026-04-03,Barquisimeto,595,325,256.97,8819.01,1.26,27.14,34.32
2026-04-03,Cabimas,0,,,8819.01,,,
2026-04-03,Caracas,7122,4464,2944.21,8819.01,1.52,1.98,3.0
2026-04-03,Guarenas,334,212,141.8,8819.01,1.5,41.6,62.19
2026-04-03,Maracaibo,109,98,64.92,8819.01,1.51,89.99,135.84
2026-04-03,Maracay,35,37,154.15,8819.01,0.24,238.35,57.21
2026-04-03,Margarita,199,214,112.4,8819.01,1.9,41.21,78.46
2026-04-03,Puerto la cruz,416,270,189.63,8819.01,1.42,32.66,46.51
2026-04-03,San antonio,0,,,8819.01,,,
2026-04-03,San cristobal,0,,,8819.01,,,
2026-04-03,Test_merida,0,,,8819.01,,,
2026-04-03,Valencia,366,263,181.84,8819.01,1.45,33.53,48.5
2026-04-04,Barquisimeto,525,372,241.18,7895.29,1.54,21.22,32.74
2026-04-04,Cabimas,0,,,7895.29,,,
2026-04-04,Caracas,6481,4424,3216.61,7895.29,1.38,1.78,2.45
2026-04-04,Guarenas,341,231,129.63,7895.29,1.78,34.18,60.91
2026-04-04,Maracaibo,103,54,54.81,7895.29,0.99,146.21,144.04
2026-04-04,Maracay,33,41,152.93,7895.29,0.27,192.57,51.63
2026-04-04,Margarita,197,208,109.46,7895.29,1.9,37.96,72.13
2026-04-04,Puerto la cruz,373,312,193.25,7895.29,1.61,25.31,40.86
2026-04-04,San antonio,0,,,7895.29,,,
2026-04-04,San cristobal,0,,,7895.29,,,
2026-04-04,Test_merida,0,,,7895.29,,,
2026-04-04,Valencia,356,265,176.14,7895.29,1.5,29.79,44.82
2026-04-05,Barquisimeto,469,345,214.84,45998.41,1.61,133.33,214.11
2026-04-05,Cabimas,0,,,45998.41,,,
2026-04-05,Caracas,6172,4933,3068.6,45998.41,1.61,9.32,14.99
2026-04-05,Guarenas,291,232,136.36,45998.41,1.7,198.27,337.33
2026-04-05,Maracaibo,96,86,56.4,45998.41,1.52,534.87,815.6
2026-04-05,Maracay,36,39,123.79,45998.41,0.32,1179.45,371.59
2026-04-05,Margarita,194,211,107.51,45998.41,1.96,218,427.85
2026-04-05,Puerto la cruz,333,235,165.21,45998.41,1.42,195.74,278.42
2026-04-05,San antonio,0,,,45998.41,,,
2026-04-05,San cristobal,0,,,45998.41,,,
2026-04-05,Test_merida,0,,,45998.41,,,
2026-04-05,Valencia,322,276,153.56,45998.41,1.8,166.66,299.56
2026-04-06,Barquisimeto,446,335,171.44,6649.92,1.95,19.85,38.79
2026-04-06,Cabimas,0,,,6649.92,,,
2026-04-06,Caracas,4466,4026,2692.46,6649.92,1.5,1.65,2.47
2026-04-06,Guarenas,192,148,101.95,6649.92,1.45,44.93,65.23
2026-04-06,Maracaibo,93,91,59.33,6649.92,1.53,73.08,112.08
2026-04-06,Maracay,31,20,112.95,6649.92,0.18,332.5,58.88
2026-04-06,Margarita,179,152,97.92,6649.92,1.55,43.75,67.91
2026-04-06,Puerto la cruz,290,225,159.23,6649.92,1.41,29.56,41.76
2026-04-06,San antonio,0,,,6649.92,,,
2026-04-06,San cristobal,0,,,6649.92,,,
2026-04-06,Test_merida,0,,,6649.92,,,
2026-04-06,Valencia,269,202,132.62,6649.92,1.52,32.92,50.14
2026-04-07,Barquisimeto,444,387,185.26,7024.74,2.09,18.15,37.92
2026-04-07,Cabimas,0,,,7024.74,,,
2026-04-07,Caracas,4779,4135,2592.86,7024.74,1.59,1.7,2.71
2026-04-07,Guarenas,216,176,111.85,7024.74,1.57,39.91,62.81
2026-04-07,Maracaibo,98,84,55.7,7024.74,1.51,83.63,126.12
2026-04-07,Maracay,29,28,106.85,7024.74,0.26,250.88,65.74
2026-04-07,Margarita,185,137,88.61,7024.74,1.55,51.28,79.27
2026-04-07,Puerto la cruz,302,246,161.68,7024.74,1.52,28.56,43.45
2026-04-07,San antonio,0,,,7024.74,,,
2026-04-07,San cristobal,0,,,7024.74,,,
2026-04-07,Test_merida,0,,,7024.74,,,
2026-04-07,Valencia,289,218,159.41,7024.74,1.37,32.22,44.07
2026-04-08,Barquisimeto,461,380,181.12,7271.66,2.1,19.14,40.15
2026-04-08,Cabimas,0,,,7271.66,,,
2026-04-08,Caracas,4872,4419,2703.77,7271.66,1.63,1.65,2.69
2026-04-08,Guarenas,218,164,116.15,7271.66,1.41,44.34,62.61
2026-04-08,Maracaibo,93,83,57.13,7271.66,1.45,87.61,127.28
2026-04-08,Maracay,30,24,89.03,7271.66,0.27,302.99,81.68
2026-04-08,Margarita,185,161,111.72,7271.66,1.44,45.17,65.09
2026-04-08,Puerto la cruz,303,275,158.43,7271.66,1.74,26.44,45.9
2026-04-08,San antonio,0,,,7271.66,,,
2026-04-08,San cristobal,0,,,7271.66,,,
2026-04-08,Test_merida,0,,,7271.66,,,
2026-04-08,Valencia,294,264,155.64,7271.66,1.7,27.54,46.72
2026-04-09,Barquisimeto,473,437,209.38,7573.07,2.09,17.33,36.17
2026-04-09,Cabimas,0,,,7573.07,,,
2026-04-09,Caracas,4916,4647,2746.31,7573.07,1.69,1.63,2.76
2026-04-09,Guarenas,227,179,113.4,7573.07,1.58,42.31,66.78
2026-04-09,Maracaibo,86,83,52.73,7573.07,1.57,91.24,143.63
2026-04-09,Maracay,29,28,94.31,7573.07,0.3,270.47,80.3
2026-04-09,Margarita,189,157,115.85,7573.07,1.36,48.24,65.37
2026-04-09,Puerto la cruz,297,264,157.87,7573.07,1.67,28.69,47.97
2026-04-09,San antonio,0,,,7573.07,,,
2026-04-09,San cristobal,0,,,7573.07,,,
2026-04-09,Test_merida,0,,,7573.07,,,
2026-04-09,Valencia,304,245,162.04,7573.07,1.51,30.91,46.74
2026-04-10,Barquisimeto,539,489,241.55,10010.79,2.02,20.47,41.44
2026-04-10,Cabimas,0,,,10010.79,,,
2026-04-10,Caracas,6651,6287,3319.83,10010.79,1.89,1.59,3.02
2026-04-10,Guarenas,311,266,161.42,10010.79,1.65,37.63,62.02
2026-04-10,Maracaibo,91,95,59.92,10010.79,1.59,105.38,167.06
2026-04-10,Maracay,32,89,112.54,10010.79,0.79,112.48,88.95
2026-04-10,Margarita,188,172,108.34,10010.79,1.59,58.2,92.4
2026-04-10,Puerto la cruz,373,319,197.6,10010.79,1.61,31.38,50.66
2026-04-10,San antonio,0,,,10010.79,,,
2026-04-10,San cristobal,0,,,10010.79,,,
2026-04-10,Test_merida,0,,,10010.79,,,
2026-04-10,Valencia,354,322,194.39,10010.79,1.66,31.09,51.5
2026-04-11,Barquisimeto,529,436,236.24,9255.89,1.85,21.23,39.18
2026-04-11,Cabimas,0,,,9255.89,,,
2026-04-11,Caracas,6281,5617,3190.99,9255.89,1.76,1.65,2.9
2026-04-11,Guarenas,314,263,151.6,9255.89,1.73,35.19,61.06
2026-04-11,Maracaibo,91,81,62.56,9255.89,1.29,114.27,147.96
2026-04-11,Maracay,51,64,121.05,9255.89,0.53,144.62,76.46
2026-04-11,Margarita,191,162,111.4,9255.89,1.45,57.14,83.09
2026-04-11,Puerto la cruz,371,307,187.89,9255.89,1.63,30.15,49.26
2026-04-11,San antonio,0,,,9255.89,,,
2026-04-11,San cristobal,0,,,9255.89,,,
2026-04-11,Test_merida,0,,,9255.89,,,
2026-04-11,Valencia,344,313,173.54,9255.89,1.8,29.57,53.34
2026-04-12,Barquisimeto,434,406,235.8,8866.93,1.72,21.84,37.6
2026-04-12,Cabimas,0,,,8866.93,,,
2026-04-12,Caracas,5871,5413,3028.73,8866.93,1.79,1.64,2.93
2026-04-12,Guarenas,284,279,153.79,8866.93,1.81,31.78,57.66
2026-04-12,Maracaibo,92,72,52.92,8866.93,1.36,123.15,167.55
2026-04-12,Maracay,49,59,76.06,8866.93,0.78,150.29,116.57
2026-04-12,Margarita,197,171,122.13,8866.93,1.4,51.85,72.6
2026-04-12,Puerto la cruz,336,244,174.54,8866.93,1.4,36.34,50.8
2026-04-12,San antonio,0,,,8866.93,,,
2026-04-12,San cristobal,0,,,8866.93,,,
2026-04-12,Test_merida,0,,,8866.93,,,
2026-04-12,Valencia,323,274,173.18,8866.93,1.58,32.36,51.2
2026-04-13,Barquisimeto,404,330,213.41,7008.15,1.55,21.24,32.84
2026-04-13,Cabimas,0,,,7008.15,,,
2026-04-13,Caracas,4878,3989,2441.28,7008.15,1.63,1.76,2.87
2026-04-13,Guarenas,183,149,89.76,7008.15,1.66,47.03,78.08
2026-04-13,Maracaibo,96,88,58.78,7008.15,1.5,79.64,119.22
2026-04-13,Maracay,38,51,77.14,7008.15,0.66,137.41,90.85
2026-04-13,Margarita,173,117,102.03,7008.15,1.15,59.9,68.69
2026-04-13,Puerto la cruz,252,259,143.58,7008.15,1.8,27.06,48.81
2026-04-13,San antonio,0,,,7008.15,,,
2026-04-13,San cristobal,0,,,7008.15,,,
2026-04-13,Test_merida,0,,,7008.15,,,
2026-04-13,Valencia,258,241,131.31,7008.15,1.84,29.08,53.37
2026-04-14,Barquisimeto,464,451,180.18,7303.32,2.5,16.19,40.53
2026-04-14,Cabimas,0,,,7303.32,,,
2026-04-14,Caracas,5065,4464,2283.65,7303.32,1.95,1.64,3.2
2026-04-14,Guarenas,256,192,126.79,7303.32,1.51,38.04,57.6
2026-04-14,Maracaibo,108,92,59.88,7303.32,1.54,79.38,121.97
2026-04-14,Maracay,48,77,81.69,7303.32,0.94,94.85,89.4
2026-04-14,Margarita,179,168,110.82,7303.32,1.52,43.47,65.9
2026-04-14,Puerto la cruz,305,243,163.9,7303.32,1.48,30.05,44.56
2026-04-14,San antonio,0,,,7303.32,,,
2026-04-14,San cristobal,0,,,7303.32,,,
2026-04-14,Test_merida,0,,,7303.32,,,
2026-04-14,Valencia,329,269,162.48,7303.32,1.66,27.15,44.95
2026-04-15,Barquisimeto,506,401,211.12,8301.99,1.9,20.7,39.32
2026-04-15,Cabimas,0,,,8301.99,,,
2026-04-15,Caracas,5527,4784,2779.89,8301.99,1.72,1.74,2.99
2026-04-15,Guarenas,242,197,130.77,8301.99,1.51,42.14,63.49
2026-04-15,Maracaibo,93,77,56.56,8301.99,1.36,107.82,146.78
2026-04-15,Maracay,49,38,83.88,8301.99,0.45,218.47,98.97
2026-04-15,Margarita,223,184,129.38,8301.99,1.42,45.12,64.17
2026-04-15,Puerto la cruz,310,289,155.29,8301.99,1.86,28.73,53.46
2026-04-15,San antonio,0,,,8301.99,,,
2026-04-15,San cristobal,0,,,8301.99,,,
2026-04-15,Test_merida,0,,,8301.99,,,
2026-04-15,Valencia,336,307,165.4,8301.99,1.86,27.04,50.19
2026-04-16,Barquisimeto,470,462,208.02,8864.15,2.22,19.19,42.61
2026-04-16,Cabimas,0,,,8864.15,,,
2026-04-16,Caracas,5329,5276,2679.5,8864.15,1.97,1.68,3.31
2026-04-16,Guarenas,236,251,126.08,8864.15,1.99,35.32,70.31
2026-04-16,Maracaibo,88,101,52.69,8864.15,1.92,87.76,168.24
2026-04-16,Maracay,46,89,107.85,8864.15,0.83,99.6,82.19
2026-04-16,Margarita,186,164,115.84,8864.15,1.42,54.05,76.52
2026-04-16,Puerto la cruz,279,318,162.19,8864.15,1.96,27.87,54.65
2026-04-16,San antonio,0,,,8864.15,,,
2026-04-16,San cristobal,0,,,8864.15,,,
2026-04-16,Test_merida,0,,,8864.15,,,
2026-04-16,Valencia,296,336,163.2,8864.15,2.06,26.38,54.32
2026-04-17,Barquisimeto,544,519,253.22,10992.91,2.05,21.18,43.41
2026-04-17,Cabimas,0,,,10992.91,,,
2026-04-17,Caracas,6778,6788,3186.19,10992.91,2.13,1.62,3.45
2026-04-17,Guarenas,303,319,163.1,10992.91,1.96,34.46,67.4
2026-04-17,Maracaibo,98,100,52.77,10992.91,1.9,109.93,208.33
2026-04-17,Maracay,54,117,119.33,10992.91,0.98,93.96,92.12
2026-04-17,Margarita,205,192,120.13,10992.91,1.6,57.25,91.51
2026-04-17,Puerto la cruz,336,363,181.25,10992.91,2.0,30.28,60.65
2026-04-17,San antonio,0,,,10992.91,,,
2026-04-17,San cristobal,0,,,10992.91,,,
2026-04-17,Test_merida,0,,,10992.91,,,
2026-04-17,Valencia,379,387,204.23,10992.91,1.89,28.41,53.83
2026-04-18,Barquisimeto,501,509,241.32,11748.8,2.11,23.08,48.68
2026-04-18,Cabimas,0,,,11748.8,,,
2026-04-18,Caracas,5954,6172,3137.12,11748.8,1.97,1.9,3.75
2026-04-18,Guarenas,298,325,165.05,11748.8,1.97,36.15,71.19
2026-04-18,Maracaibo,89,73,54.66,11748.8,1.34,160.94,214.96
2026-04-18,Maracay,79,99,136.12,11748.8,0.73,118.67,86.31
2026-04-18,Margarita,211,199,121.73,11748.8,1.63,59.04,96.51
2026-04-18,Puerto la cruz,341,326,183.7,11748.8,1.77,36.04,63.96
2026-04-18,San antonio,0,,,11748.8,,,
2026-04-18,San cristobal,0,,,11748.8,,,
2026-04-18,Test_merida,0,,,11748.8,,,
2026-04-18,Valencia,353,375,184.37,11748.8,2.03,31.33,63.72
2026-04-19,Barquisimeto,450,423,244.34,9882.58,1.73,23.36,40.45
2026-04-19,Cabimas,0,,,9882.58,,,
2026-04-19,Caracas,5533,5873,2856.58,9882.58,2.06,1.68,3.46
2026-04-19,Guarenas,300,265,167.55,9882.58,1.58,37.29,58.98
2026-04-19,Maracaibo,85,80,55.28,9882.58,1.45,123.53,178.77
2026-04-19,Maracay,81,96,125.66,9882.58,0.76,102.94,78.64
2026-04-19,Margarita,211,196,133.34,9882.58,1.47,50.42,74.12
2026-04-19,Puerto la cruz,301,330,165.69,9882.58,1.99,29.95,59.65
2026-04-19,San antonio,0,,,9882.58,,,
2026-04-19,San cristobal,0,,,9882.58,,,
2026-04-19,Test_merida,0,,,9882.58,,,
2026-04-19,Valencia,320,319,159.07,9882.58,2.01,30.98,62.13
2026-04-20,Barquisimeto,342,416,242.95,7171.52,1.71,17.24,29.52
2026-04-20,Cabimas,0,,,7171.52,,,
2026-04-20,Caracas,4441,4275,2466.63,7171.52,1.73,1.68,2.91
2026-04-20,Guarenas,159,158,91.05,7171.52,1.74,45.39,78.77
2026-04-20,Maracaibo,89,86,52.3,7171.52,1.64,83.39,137.12
2026-04-20,Maracay,79,69,86.34,7171.52,0.8,103.94,83.06
2026-04-20,Margarita,162,124,96.18,7171.52,1.29,57.83,74.56
2026-04-20,Puerto la cruz,266,285,146.89,7171.52,1.94,25.16,48.82
2026-04-20,San antonio,0,,,7171.52,,,
2026-04-20,San cristobal,0,,,7171.52,,,
2026-04-20,Test_merida,0,,,7171.52,,,
2026-04-20,Valencia,216,271,138.05,7171.52,1.96,26.46,51.95
2026-04-21,Barquisimeto,415,401,210.57,7839.61,1.9,19.55,37.23
2026-04-21,Cabimas,0,,,7839.61,,,
2026-04-21,Caracas,4489,4428,2420.62,7839.61,1.83,1.77,3.24
2026-04-21,Guarenas,182,209,104.57,7839.61,2.0,37.51,74.97
2026-04-21,Maracaibo,94,85,57.55,7839.61,1.48,92.23,136.21
2026-04-21,Maracay,89,74,103.77,7839.61,0.71,105.94,75.54
2026-04-21,Margarita,166,166,110.38,7839.61,1.5,47.23,71.02
2026-04-21,Puerto la cruz,282,286,156.15,7839.61,1.83,27.41,50.21
2026-04-21,San antonio,0,,,7839.61,,,
2026-04-21,San cristobal,0,,,7839.61,,,
2026-04-21,Test_merida,0,,,7839.61,,,
2026-04-21,Valencia,236,288,140.24,7839.61,2.05,27.22,55.9
2026-04-22,Barquisimeto,423,427,216.82,7657.28,1.97,17.93,35.32
2026-04-22,Cabimas,0,,,7657.28,,,
2026-04-22,Caracas,4765,4599,2682.48,7657.28,1.71,1.66,2.85
2026-04-22,Guarenas,213,172,114.9,7657.28,1.5,44.52,66.65
2026-04-22,Maracaibo,87,79,53.49,7657.28,1.48,96.93,143.16
2026-04-22,Maracay,83,72,88.97,7657.28,0.81,106.35,86.06
2026-04-22,Margarita,170,159,101.75,7657.28,1.56,48.16,75.25
2026-04-22,Puerto la cruz,284,259,155.99,7657.28,1.66,29.56,49.09
2026-04-22,San antonio,0,,,7657.28,,,
2026-04-22,San cristobal,0,,,7657.28,,,
2026-04-22,Test_merida,0,,,7657.28,,,
2026-04-22,Valencia,296,243,143.61,7657.28,1.69,31.51,53.32
2026-04-23,Barquisimeto,435,396,197.42,8134.62,2.01,20.54,41.2
2026-04-23,Cabimas,0,,,8134.62,,,
2026-04-23,Caracas,4898,4964,2943.54,8134.62,1.69,1.64,2.76
2026-04-23,Guarenas,189,210,103.37,8134.62,2.03,38.74,78.69
2026-04-23,Maracaibo,92,81,52.61,8134.62,1.54,100.43,154.61
2026-04-23,Maracay,81,82,118.02,8134.62,0.69,99.2,68.93
2026-04-23,Margarita,172,121,99.58,8134.62,1.22,67.23,81.69
2026-04-23,Puerto la cruz,290,301,151.83,8134.62,1.98,27.03,53.58
2026-04-23,San antonio,0,,,8134.62,,,
2026-04-23,San cristobal,0,,,8134.62,,,
2026-04-23,Test_merida,0,,,8134.62,,,
2026-04-23,Valencia,258,288,139.19,8134.62,2.07,28.25,58.44
2026-04-24,Barquisimeto,422,531,240.69,10354.6,2.21,19.5,43.02
2026-04-24,Cabimas,0,,,10354.6,,,
2026-04-24,Caracas,6500,6371,3157.34,10354.6,2.02,1.63,3.28
2026-04-24,Guarenas,271,273,167.26,10354.6,1.63,37.93,61.91
2026-04-24,Maracaibo,102,99,62.09,10354.6,1.59,104.59,166.78
2026-04-24,Maracay,95,94,137.47,10354.6,0.68,110.16,75.32
2026-04-24,Margarita,182,188,120.6,10354.6,1.56,55.08,85.86
2026-04-24,Puerto la cruz,350,315,186.95,10354.6,1.68,32.87,55.39
2026-04-24,San antonio,0,,,10354.6,,,
2026-04-24,San cristobal,0,,,10354.6,,,
2026-04-24,Test_merida,0,,,10354.6,,,
2026-04-24,Valencia,345,380,207.18,10354.6,1.83,27.25,49.98
2026-04-25,Barquisimeto,458,495,241.29,10444.17,2.05,21.1,43.28
2026-04-25,Cabimas,0,,,10444.17,,,
2026-04-25,Caracas,5830,5761,2936.09,10444.17,1.96,1.81,3.56
2026-04-25,Guarenas,258,295,151.62,10444.17,1.95,35.4,68.88
2026-04-25,Maracaibo,86,83,53.3,10444.17,1.56,125.83,195.94
2026-04-25,Maracay,90,135,117.38,10444.17,1.15,77.36,88.98
2026-04-25,Margarita,176,201,114.36,10444.17,1.76,51.96,91.33
2026-04-25,Puerto la cruz,345,350,198.39,10444.17,1.76,29.84,52.64
2026-04-25,San antonio,0,,,10444.17,,,
2026-04-25,San cristobal,0,,,10444.17,,,
2026-04-25,Test_merida,0,,,10444.17,,,
2026-04-25,Valencia,332,326,187.42,10444.17,1.74,32.04,55.72
2026-04-26,Barquisimeto,424,442,265.33,10553.24,1.67,23.88,39.77
2026-04-26,Cabimas,0,,,10553.24,,,
2026-04-26,Caracas,5492,5617,2610.27,10553.24,2.15,1.88,4.04
2026-04-26,Guarenas,273,272,151.58,10553.24,1.79,38.8,69.62
2026-04-26,Maracaibo,86,84,54.32,10553.24,1.55,125.63,194.29
2026-04-26,Maracay,106,125,114.65,10553.24,1.09,84.43,92.05
2026-04-26,Margarita,178,165,119.16,10553.24,1.38,63.96,88.57
2026-04-26,Puerto la cruz,305,274,166.24,10553.24,1.65,38.52,63.48
2026-04-26,San antonio,0,,,10553.24,,,
2026-04-26,San cristobal,0,,,10553.24,,,
2026-04-26,Test_merida,0,,,10553.24,,,
2026-04-26,Valencia,315,345,185.3,10553.24,1.86,30.59,56.95
2026-04-27,Barquisimeto,403,388,219.22,7509.5,1.77,19.35,34.26
2026-04-27,Cabimas,0,,,7509.5,,,
2026-04-27,Caracas,4308,4008,2239.69,7509.5,1.79,1.87,3.35
2026-04-27,Guarenas,184,167,99.01,7509.5,1.69,44.97,75.84
2026-04-27,Maracaibo,88,80,59.27,7509.5,1.35,93.87,126.71
2026-04-27,Maracay,99,79,115.33,7509.5,0.69,95.06,65.11
2026-04-27,Margarita,153,135,95.16,7509.5,1.42,55.63,78.91
2026-04-27,Puerto la cruz,269,255,144.86,7509.5,1.76,29.45,51.84
2026-04-27,San antonio,0,,,7509.5,,,
2026-04-27,San cristobal,0,,,7509.5,,,
2026-04-27,Test_merida,0,,,7509.5,,,
2026-04-27,Valencia,265,229,130.62,7509.5,1.75,32.79,57.49
2026-04-28,Barquisimeto,432,413,205.14,7938.79,2.01,19.22,38.7
2026-04-28,Cabimas,0,,,7938.79,,,
2026-04-28,Caracas,4464,4575,2518.85,7938.79,1.82,1.74,3.15
2026-04-28,Guarenas,206,214,126.75,7938.79,1.69,37.1,62.63
2026-04-28,Maracaibo,93,88,57.2,7938.79,1.54,90.21,138.78
2026-04-28,Maracay,105,79,121.91,7938.79,0.65,100.49,65.12
2026-04-28,Margarita,160,137,96.69,7938.79,1.42,57.95,82.11
2026-04-28,Puerto la cruz,280,256,152.57,7938.79,1.68,31.01,52.03
2026-04-28,San antonio,0,,,7938.79,,,
2026-04-28,San cristobal,0,,,7938.79,,,
2026-04-28,Test_merida,0,,,7938.79,,,
2026-04-28,Valencia,282,271,149.8,7938.79,1.81,29.29,53.0
2026-04-29,Barquisimeto,429,473,224.0,8475.08,2.11,17.92,37.84
2026-04-29,Cabimas,0,,,8475.08,,,
2026-04-29,Caracas,4914,5029,2776.08,8475.08,1.81,1.69,3.05
2026-04-29,Guarenas,208,215,130.8,8475.08,1.64,39.42,64.8
2026-04-29,Maracaibo,87,93,56.73,8475.08,1.64,91.13,149.4
2026-04-29,Maracay,102,110,109.58,8475.08,1.0,77.05,77.34
2026-04-29,Margarita,161,155,93.7,8475.08,1.65,54.68,90.45
2026-04-29,Puerto la cruz,280,304,155.5,8475.08,1.95,27.88,54.5
2026-04-29,San antonio,0,,,8475.08,,,
2026-04-29,San cristobal,0,,,8475.08,,,
2026-04-29,Test_merida,0,,,8475.08,,,
2026-04-29,Valencia,288,261,143.12,8475.08,1.82,32.47,59.22
2026-04-30,Barquisimeto,467,539,239.92,9943.3,2.25,18.45,41.44
2026-04-30,Cabimas,0,,,9943.3,,,
2026-04-30,Caracas,5618,6320,2925.84,9943.3,2.16,1.57,3.4
2026-04-30,Guarenas,250,281,139.29,9943.3,2.02,35.39,71.38
2026-04-30,Maracaibo,108,79,56.59,9943.3,1.4,125.86,175.71
2026-04-30,Maracay,110,118,121.9,9943.3,0.97,84.27,81.57
2026-04-30,Margarita,166,185,97.77,9943.3,1.89,53.75,101.71
2026-04-30,Puerto la cruz,291,327,164.74,9943.3,1.98,30.41,60.36
2026-04-30,San antonio,0,,,9943.3,,,
2026-04-30,San cristobal,0,,,9943.3,,,
2026-04-30,Test_merida,0,,,9943.3,,,
2026-04-30,Valencia,346,312,180.13,9943.3,1.73,31.87,55.2
2026-05-01,Barquisimeto,555,508,274.57,12247.95,1.85,24.11,44.61
2026-05-01,Cabimas,0,,,12247.95,,,
2026-05-01,Caracas,7330,6998,3235.51,12247.95,2.16,1.75,3.79
2026-05-01,Guarenas,317,373,198.58,12247.95,1.88,32.84,61.68
2026-05-01,Maracaibo,100,102,72.52,12247.95,1.41,120.08,168.9
2026-05-01,Maracay,125,184,153.83,12247.95,1.2,66.56,79.62
2026-05-01,Margarita,194,198,117.46,12247.95,1.69,61.86,104.27
2026-05-01,Puerto la cruz,350,325,186.78,12247.95,1.74,37.69,65.57
2026-05-01,San antonio,0,,,12247.95,,,
2026-05-01,San cristobal,0,,,12247.95,,,
2026-05-01,Test_merida,0,,,12247.95,,,
2026-05-01,Valencia,406,287,213.94,12247.95,1.34,42.68,57.25
2026-05-02,Barquisimeto,526,440,244.64,10197.57,1.8,23.18,41.68
2026-05-02,Cabimas,0,,,10197.57,,,
2026-05-02,Caracas,6554,6064,3440.02,10197.57,1.76,1.68,2.96
2026-05-02,Guarenas,328,336,165.18,10197.57,2.03,30.35,61.73
2026-05-02,Maracaibo,87,103,60.64,10197.57,1.7,99.01,168.18
2026-05-02,Maracay,156,148,154.65,10197.57,0.96,68.9,65.94
2026-05-02,Margarita,200,186,111.79,10197.57,1.66,54.83,91.22
2026-05-02,Puerto la cruz,350,334,180.4,10197.57,1.85,30.53,56.53
2026-05-02,San antonio,0,,,10197.57,,,
2026-05-02,San cristobal,0,,,10197.57,,,
2026-05-02,Test_merida,0,,,10197.57,,,
2026-05-02,Valencia,385,378,196.88,10197.57,1.92,26.98,51.79
2026-05-03,Barquisimeto,665,556,312.69,20315.77,1.78,36.54,64.97
2026-05-03,Cabimas,0,,,20315.77,,,
2026-05-03,Caracas,7772,6783,3589.5,20315.77,1.89,3,5.66
2026-05-03,Guarenas,517,555,196.72,20315.77,2.82,36.6,103.28
2026-05-03,Maracaibo,189,185,105.1,20315.77,1.76,109.81,193.3
2026-05-03,Maracay,263,166,197.75,20315.77,0.84,122.38,102.73
2026-05-03,Margarita,321,285,128.22,20315.77,2.22,71.28,158.44
2026-05-03,Puerto la cruz,462,706,275.46,20315.77,2.56,28.78,73.75
2026-05-03,San antonio,0,,,20315.77,,,
2026-05-03,San cristobal,0,,,20315.77,,,
2026-05-03,Test_merida,0,,,20315.77,,,
2026-05-03,Valencia,509,505,243.02,20315.77,2.08,40.23,83.6
2026-05-04,Barquisimeto,435,395,273.99,8114.4,1.44,20.54,29.62
2026-05-04,Cabimas,0,,,8114.4,,,
2026-05-04,Caracas,4447,4679,2479.16,8114.4,1.89,1.73,3.27
2026-05-04,Guarenas,202,167,102.61,8114.4,1.63,48.59,79.08
2026-05-04,Maracaibo,105,93,59.03,8114.4,1.58,87.25,137.45
2026-05-04,Maracay,130,74,120.86,8114.4,0.61,109.65,67.14
2026-05-04,Margarita,168,180,109.22,8114.4,1.65,45.08,74.29
2026-05-04,Puerto la cruz,283,321,189.82,8114.4,1.69,25.28,42.75
2026-05-04,San antonio,0,,,8114.4,,,
2026-05-04,San cristobal,0,,,8114.4,,,
2026-05-04,Test_merida,0,,,8114.4,,,
2026-05-04,Valencia,280,265,137.52,8114.4,1.93,30.62,59.0
2026-05-05,Barquisimeto,472,419,223.97,8127.98,1.87,19.4,36.29
2026-05-05,Cabimas,0,,,8127.98,,,
2026-05-05,Caracas,4697,4642,2520.25,8127.98,1.84,1.75,3.23
2026-05-05,Guarenas,222,220,124.0,8127.98,1.77,36.95,65.55
2026-05-05,Maracaibo,103,98,62.13,8127.98,1.58,82.94,130.83
2026-05-05,Maracay,123,103,134.31,8127.98,0.77,78.91,60.52
2026-05-05,Margarita,179,162,106.82,8127.98,1.52,50.17,76.09
2026-05-05,Puerto la cruz,299,272,168.03,8127.98,1.62,29.88,48.37
2026-05-05,San antonio,0,,,8127.98,,,
2026-05-05,San cristobal,0,,,8127.98,,,
2026-05-05,Test_merida,0,,,8127.98,,,
2026-05-05,Valencia,300,266,152.95,8127.98,1.74,30.56,53.14
2026-05-06,Barquisimeto,442,424,206.31,7962.54,2.06,18.78,38.59
2026-05-06,Cabimas,0,,,7962.54,,,
2026-05-06,Caracas,4989,4764,2783.31,7962.54,1.71,1.67,2.86
2026-05-06,Guarenas,222,200,120.51,7962.54,1.66,39.81,66.07
2026-05-06,Maracaibo,103,80,61.23,7962.54,1.31,99.53,130.05
2026-05-06,Maracay,123,82,127.98,7962.54,0.64,97.1,62.21
2026-05-06,Margarita,173,149,93.15,7962.54,1.6,53.44,85.48
2026-05-06,Puerto la cruz,298,297,163.72,7962.54,1.81,26.81,48.64
2026-05-06,San antonio,0,,,7962.54,,,
2026-05-06,San cristobal,0,,,7962.54,,,
2026-05-06,Test_merida,0,,,7962.54,,,
2026-05-06,Valencia,305,270,153.73,7962.54,1.76,29.49,51.79
2026-05-07,Barquisimeto,470,442,220.42,8705.78,2.01,19.7,39.5
2026-05-07,Cabimas,0,,,8705.78,,,
2026-05-07,Caracas,5477,5171,3170.14,8705.78,1.63,1.68,2.75
2026-05-07,Guarenas,232,213,125.05,8705.78,1.7,40.87,69.62
2026-05-07,Maracaibo,96,90,57.94,8705.78,1.55,96.73,150.24
2026-05-07,Maracay,116,98,161.16,8705.78,0.61,88.83,54.02
2026-05-07,Margarita,175,158,85.41,8705.78,1.85,55.1,101.94
2026-05-07,Puerto la cruz,308,316,164.96,8705.78,1.92,27.55,52.77
2026-05-07,San antonio,0,,,8705.78,,,
2026-05-07,San cristobal,0,,,8705.78,,,
2026-05-07,Test_merida,0,,,8705.78,,,
2026-05-07,Valencia,299,292,157.95,8705.78,1.85,29.81,55.12
2026-05-08,Barquisimeto,540,530,271.48,10853.77,1.95,20.48,39.98
2026-05-08,Cabimas,0,,,10853.77,,,
2026-05-08,Caracas,7149,6765,3609.71,10853.77,1.87,1.6,3.01
2026-05-08,Guarenas,320,302,182.4,10853.77,1.66,35.94,59.5
2026-05-08,Maracaibo,108,94,69.88,10853.77,1.35,115.47,155.33
2026-05-08,Maracay,129,127,173.38,10853.77,0.73,85.46,62.6
2026-05-08,Margarita,197,184,103.05,10853.77,1.79,58.99,105.32
2026-05-08,Puerto la cruz,357,350,194.14,10853.77,1.8,31.01,55.91
2026-05-08,San antonio,0,,,10853.77,,,
2026-05-08,San cristobal,0,,,10853.77,,,
2026-05-08,Test_merida,0,,,10853.77,,,
2026-05-08,Valencia,388,356,197.92,10853.77,1.8,30.49,54.84
2026-05-09,Barquisimeto,519,473,246.66,9990.62,1.92,21.12,40.5
2026-05-09,Cabimas,0,,,9990.62,,,
2026-05-09,Caracas,6175,5990,3443.76,9990.62,1.74,1.67,2.9
2026-05-09,Guarenas,337,288,161.92,9990.62,1.78,34.69,61.7
2026-05-09,Maracaibo,98,63,56.22,9990.62,1.12,158.58,177.72
2026-05-09,Maracay,131,121,176.19,9990.62,0.69,82.57,56.7
2026-05-09,Margarita,195,156,100.9,9990.62,1.55,64.04,99.01
2026-05-09,Puerto la cruz,361,306,183.4,9990.62,1.67,32.65,54.47
2026-05-09,San antonio,0,,,9990.62,,,
2026-05-09,San cristobal,0,,,9990.62,,,
2026-05-09,Test_merida,0,,,9990.62,,,
2026-05-09,Valencia,333,299,173.39,9990.62,1.72,33.41,57.62
2026-05-10,Barquisimeto,530,509,288.77,17485.17,1.76,34.35,60.55
2026-05-10,Cabimas,0,,,17485.17,,,
2026-05-10,Caracas,6498,7001,3223.5,17485.17,2.17,2.5,5.42
2026-05-10,Guarenas,375,404,200.38,17485.17,2.02,43.28,87.26
2026-05-10,Maracaibo,134,84,56.92,17485.17,1.48,208.16,307.18
2026-05-10,Maracay,138,143,161.05,17485.17,0.89,122.27,108.57
2026-05-10,Margarita,197,204,108.17,17485.17,1.89,85.71,161.65
2026-05-10,Puerto la cruz,403,375,213.54,17485.17,1.76,46.63,81.88
2026-05-10,San antonio,0,,,17485.17,,,
2026-05-10,San cristobal,0,,,17485.17,,,
2026-05-10,Test_merida,0,,,17485.17,,,
2026-05-10,Valencia,418,336,199.11,17485.17,1.69,52.04,87.82
2026-05-11,Barquisimeto,436,420,224.9,7976.67,1.87,18.99,35.47
2026-05-11,Cabimas,0,,,7976.67,,,
2026-05-11,Caracas,4656,4801,2516.9,7976.67,1.91,1.66,3.17
2026-05-11,Guarenas,189,199,112.02,7976.67,1.78,40.08,71.21
2026-05-11,Maracaibo,101,75,62.86,7976.67,1.19,106.36,126.9
2026-05-11,Maracay,103,81,96.15,7976.67,0.84,98.48,82.96
2026-05-11,Margarita,171,151,108.1,7976.67,1.4,52.83,73.79
2026-05-11,Puerto la cruz,298,280,162.66,7976.67,1.72,28.49,49.04
2026-05-11,San antonio,0,,,7976.67,,,
2026-05-11,San cristobal,0,,,7976.67,,,
2026-05-11,Test_merida,0,,,7976.67,,,
2026-05-11,Valencia,264,250,136.21,7976.67,1.84,31.91,58.56
2026-05-12,Barquisimeto,467,394,198.67,7874.47,1.98,19.99,39.64
2026-05-12,Cabimas,0,,,7874.47,,,
2026-05-12,Caracas,4799,4568,2651.66,7874.47,1.72,1.72,2.97
2026-05-12,Guarenas,221,201,119.58,7874.47,1.68,39.18,65.85
2026-05-12,Maracaibo,105,90,68.59,7874.47,1.31,87.49,114.8
2026-05-12,Maracay,108,90,99.9,7874.47,0.9,87.49,78.83
2026-05-12,Margarita,176,142,102.69,7874.47,1.38,55.45,76.68
2026-05-12,Puerto la cruz,311,300,164.73,7874.47,1.82,26.25,47.8
2026-05-12,San antonio,0,,,7874.47,,,
2026-05-12,San cristobal,0,,,7874.47,,,
2026-05-12,Test_merida,0,,,7874.47,,,
2026-05-12,Valencia,316,266,164.84,7874.47,1.61,29.6,47.77
2026-05-13,Barquisimeto,498,430,211.35,7861.93,2.03,18.28,37.2
2026-05-13,Cabimas,0,,,7861.93,,,
2026-05-13,Caracas,5661,4687,2546.72,7861.93,1.84,1.68,3.09
2026-05-13,Guarenas,217,231,140.61,7861.93,1.64,34.03,55.91
2026-05-13,Maracaibo,107,76,61.21,7861.93,1.24,103.45,128.44
2026-05-13,Maracay,103,97,95.29,7861.93,1.02,81.05,82.5
2026-05-13,Margarita,172,144,95.69,7861.93,1.5,54.6,82.16
2026-05-13,Puerto la cruz,310,286,168.24,7861.93,1.7,27.49,46.73
2026-05-13,San antonio,0,,,7861.93,,,
2026-05-13,San cristobal,0,,,7861.93,,,
2026-05-13,Test_merida,0,,,7861.93,,,
2026-05-13,Valencia,285,284,148.53,7861.93,1.91,27.68,52.93
2026-05-14,Barquisimeto,516,416,208.46,8590,2.0,20.65,41.21
2026-05-14,Cabimas,0,,,8590,,,
2026-05-14,Caracas,6265,5433,3188.26,8590,1.7,1.58,2.69
2026-05-14,Guarenas,309,205,150.13,8590,1.37,41.9,57.22
2026-05-14,Maracaibo,105,83,63.59,8590,1.31,103.49,135.09
2026-05-14,Maracay,109,67,119.63,8590,0.56,128.21,71.8
2026-05-14,Margarita,189,154,110.03,8590,1.4,55.78,78.07
2026-05-14,Puerto la cruz,336,323,179.48,8590,1.8,26.59,47.86
2026-05-14,San antonio,0,,,8590,,,
2026-05-14,San cristobal,0,,,8590,,,
2026-05-14,Test_merida,0,,,8590,,,
2026-05-14,Valencia,347,272,168.93,8590,1.61,31.58,50.85
2026-05-15,Barquisimeto,602,574,255.17,11500.05,2.25,20.03,45.07
2026-05-15,Cabimas,0,,,11500.05,,,
2026-05-15,Caracas,7667,7295,3577.56,11500.05,2.04,1.58,3.21
2026-05-15,Guarenas,367,343,186.73,11500.05,1.84,33.53,61.59
2026-05-15,Maracaibo,108,99,79.72,11500.05,1.24,116.16,144.26
2026-05-15,Maracay,230,129,181.41,11500.05,0.71,89.15,63.39
2026-05-15,Margarita,217,183,120.9,11500.05,1.51,62.84,95.12
2026-05-15,Puerto la cruz,381,417,205.53,11500.05,2.03,27.58,55.95
2026-05-15,San antonio,0,,,11500.05,,,
2026-05-15,San cristobal,0,,,11500.05,,,
2026-05-15,Test_merida,0,,,11500.05,,,
2026-05-15,Valencia,404,351,220.58,11500.05,1.59,32.76,52.14
2026-05-16,Barquisimeto,491,563,263.55,11113.3,2.14,19.74,42.17
2026-05-16,Cabimas,0,,,11113.3,,,
2026-05-16,Caracas,5851,6866,3319.39,11113.3,2.07,1.62,3.35
2026-05-16,Guarenas,270,380,187.76,11113.3,2.02,29.25,59.19
2026-05-16,Maracaibo,101,90,69.01,11113.3,1.3,123.48,161.04
2026-05-16,Maracay,157,120,142.27,11113.3,0.84,92.61,78.11
2026-05-16,Margarita,201,188,101.25,11113.3,1.86,59.11,109.77
2026-05-16,Puerto la cruz,374,395,203.18,11113.3,1.94,28.13,54.7
2026-05-16,San antonio,0,,,11113.3,,,
2026-05-16,San cristobal,0,,,11113.3,,,
2026-05-16,Test_merida,0,,,11113.3,,,
2026-05-16,Valencia,335,360,211.44,11113.3,1.7,30.87,52.56
2026-05-17,Barquisimeto,434,425,245.86,11095.44,1.73,26.11,45.13
2026-05-17,Cabimas,0,,,11095.44,,,
2026-05-17,Caracas,5846,6409,3044.43,11095.44,2.11,1.73,3.64
2026-05-17,Guarenas,286,289,163.82,11095.44,1.76,38.39,67.73
2026-05-17,Maracaibo,135,92,80.35,11095.44,1.14,120.6,138.09
2026-05-17,Maracay,107,110,132.63,11095.44,0.83,100.87,83.66
2026-05-17,Margarita,209,181,120.16,11095.44,1.51,61.3,92.34
2026-05-17,Puerto la cruz,318,298,162.51,11095.44,1.83,37.23,68.27
2026-05-17,San antonio,0,,,11095.44,,,
2026-05-17,San cristobal,0,,,11095.44,,,
2026-05-17,Test_merida,0,,,11095.44,,,
2026-05-17,Valencia,366,348,201.59,11095.44,1.73,31.88,55.04
2026-05-18,Barquisimeto,373,421,210.83,7992.14,2.0,18.98,37.91
2026-05-18,Cabimas,0,,,7992.14,,,
2026-05-18,Caracas,4651,4799,2945.95,7992.14,1.63,1.67,2.71
2026-05-18,Guarenas,180,222,130.37,7992.14,1.7,36,61.3
2026-05-18,Maracaibo,94,90,81.3,7992.14,1.11,88.8,98.3
2026-05-18,Maracay,90,79,87.97,7992.14,0.9,101.17,90.85
2026-05-18,Margarita,156,143,104.56,7992.14,1.37,55.89,76.44
2026-05-18,Puerto la cruz,288,301,175.0,7992.14,1.72,26.55,45.67
2026-05-18,San antonio,0,,,7992.14,,,
2026-05-18,San cristobal,0,,,7992.14,,,
2026-05-18,Test_merida,0,,,7992.14,,,
2026-05-18,Valencia,265,272,154.26,7992.14,1.76,29.38,51.81
2026-05-19,Barquisimeto,399,401,196.57,8016.55,2.04,19.99,40.78
2026-05-19,Cabimas,0,,,8016.55,,,
2026-05-19,Caracas,4790,4578,2802.32,8016.55,1.63,1.75,2.86
2026-05-19,Guarenas,222,209,128.57,8016.55,1.63,38.36,62.35
2026-05-19,Maracaibo,95,105,75.94,8016.55,1.38,76.35,105.57
2026-05-19,Maracay,74,75,86.51,8016.55,0.87,106.89,92.66
2026-05-19,Margarita,168,154,89.7,8016.55,1.72,52.06,89.37
2026-05-19,Puerto la cruz,294,262,161.87,8016.55,1.62,30.6,49.52
2026-05-19,San antonio,0,,,8016.55,,,
2026-05-19,San cristobal,0,,,8016.55,,,
2026-05-19,Test_merida,0,,,8016.55,,,
2026-05-19,Valencia,289,284,161.32,8016.55,1.76,28.23,49.69
2026-05-20,Barquisimeto,398,447,191.5,8061.74,2.33,18.04,42.1
2026-05-20,Cabimas,0,,,8061.74,,,
2026-05-20,Caracas,5109,4828,2996.5,8061.74,1.61,1.67,2.69
2026-05-20,Guarenas,208,211,129.57,8061.74,1.63,38.21,62.22
2026-05-20,Maracaibo,87,96,70.38,8061.74,1.36,83.98,114.55
2026-05-20,Maracay,110,81,98.58,8061.74,0.82,99.53,81.78
2026-05-20,Margarita,171,136,78.45,8061.74,1.73,59.28,102.77
2026-05-20,Puerto la cruz,283,240,155.94,8061.74,1.54,33.59,51.7
2026-05-20,San antonio,0,,,8061.74,,,
2026-05-20,San cristobal,0,,,8061.74,,,
2026-05-20,Test_merida,0,,,8061.74,,,
2026-05-20,Valencia,269,284,163.06,8061.74,1.74,28.39,49.44
2026-05-21,Barquisimeto,479,441,201.41,8707.47,2.19,19.74,43.23
2026-05-21,Cabimas,0,,,8707.47,,,
2026-05-21,Caracas,5312,5329,2938.24,8707.47,1.81,1.63,2.96
2026-05-21,Guarenas,229,213,167.88,8707.47,1.27,40.88,51.87
2026-05-21,Maracaibo,86,91,69.75,8707.47,1.3,95.69,124.84
2026-05-21,Maracay,106,115,108.16,8707.47,1.06,75.72,80.51
2026-05-21,Margarita,165,167,101.32,8707.47,1.65,52.14,85.94
2026-05-21,Puerto la cruz,292,307,187.43,8707.47,1.64,28.36,46.46
2026-05-21,San antonio,0,,,8707.47,,,
2026-05-21,San cristobal,0,,,8707.47,,,
2026-05-21,Test_merida,0,,,8707.47,,,
2026-05-21,Valencia,292,289,163.07,8707.47,1.77,30.13,53.4
2026-05-22,Barquisimeto,564,480,249.43,10987.51,1.92,22.89,44.05
2026-05-22,Cabimas,0,,,10987.51,,,
2026-05-22,Caracas,6898,6893,3533.62,10987.51,1.95,1.59,3.11
2026-05-22,Guarenas,312,322,194.91,10987.51,1.65,34.12,56.37
2026-05-22,Maracaibo,106,107,75.74,10987.51,1.41,102.69,145.08
2026-05-22,Maracay,105,133,122.35,10987.51,1.09,82.61,89.81
2026-05-22,Margarita,184,190,120.44,10987.51,1.58,57.83,91.23
2026-05-22,Puerto la cruz,354,384,190.83,10987.51,2.01,28.61,57.58
2026-05-22,San antonio,0,,,10987.51,,,
2026-05-22,San cristobal,0,,,10987.51,,,
2026-05-22,Test_merida,0,,,10987.51,,,
2026-05-22,Valencia,347,386,214.12,10987.51,1.8,28.47,51.31
2026-05-23,Barquisimeto,485,522,243.07,10928.69,2.15,20.94,44.96
2026-05-23,Cabimas,0,,,10928.69,,,
2026-05-23,Caracas,6081,6404,3447.53,10928.69,1.86,1.71,3.17
2026-05-23,Guarenas,312,323,160.81,10928.69,2.01,33.83,67.96
2026-05-23,Maracaibo,85,92,65.32,10928.69,1.41,118.79,167.32
2026-05-23,Maracay,125,137,107.94,10928.69,1.27,79.77,101.25
2026-05-23,Margarita,178,211,107.77,10928.69,1.96,51.79,101.4
2026-05-23,Puerto la cruz,367,372,204.54,10928.69,1.82,29.38,53.43
2026-05-23,San antonio,0,,,10928.69,,,
2026-05-23,San cristobal,0,,,10928.69,,,
2026-05-23,Test_merida,0,,,10928.69,,,
2026-05-23,Valencia,346,370,203.95,10928.69,1.81,29.54,53.58
2026-05-24,Barquisimeto,499,426,251.82,10268.09,1.69,24.1,40.78
2026-05-24,Cabimas,0,,,10268.09,,,
2026-05-24,Caracas,5629,5919,2936.12,10268.09,2.02,1.73,3.5
2026-05-24,Guarenas,270,282,154.16,10268.09,1.83,36.41,66.61
2026-05-24,Maracaibo,94,87,60.94,10268.09,1.43,118.02,168.49
2026-05-24,Maracay,135,112,103.1,10268.09,1.09,91.68,99.59
2026-05-24,Margarita,177,185,108.85,10268.09,1.7,55.5,94.33
2026-05-24,Puerto la cruz,304,302,189.75,10268.09,1.59,34,54.11
2026-05-24,San antonio,0,,,10268.09,,,
2026-05-24,San cristobal,0,,,10268.09,,,
2026-05-24,Test_merida,0,,,10268.09,,,
2026-05-24,Valencia,299,310,191.3,10268.09,1.62,33.12,53.68
2026-05-25,Barquisimeto,413,393,234.62,7692.76,1.68,19.57,32.79
2026-05-25,Cabimas,0,,,7692.76,,,
2026-05-25,Caracas,4945,4570,2953.73,7692.76,1.55,1.68,2.6
2026-05-25,Guarenas,177,198,143.05,7692.76,1.38,38.85,53.78
2026-05-25,Maracaibo,94,93,61.91,7692.76,1.5,82.72,124.26
2026-05-25,Maracay,100,94,85.23,7692.76,1.1,81.84,90.26
2026-05-25,Margarita,160,161,105.65,7692.76,1.52,47.78,72.82
2026-05-25,Puerto la cruz,288,285,189.79,7692.76,1.5,26.99,40.53
2026-05-25,San antonio,0,,,7692.76,,,
2026-05-25,San cristobal,0,,,7692.76,,,
2026-05-25,Test_merida,0,,,7692.76,,,
2026-05-25,Valencia,266,270,147.62,7692.76,1.83,28.49,52.11
2026-05-26,Barquisimeto,472,390,203.81,8301.19,1.91,21.29,40.73
2026-05-26,Cabimas,0,,,8301.19,,,
2026-05-26,Caracas,4991,4793,3042.68,8301.19,1.58,1.73,2.73
2026-05-26,Guarenas,218,219,135.64,8301.19,1.61,37.9,61.2
2026-05-26,Maracaibo,101,93,68.5,8301.19,1.36,89.26,121.19
2026-05-26,Maracay,163,94,93.18,8301.19,1.01,88.31,89.09
2026-05-26,Margarita,166,164,96.08,8301.19,1.71,50.62,86.39
2026-05-26,Puerto la cruz,284,323,188.82,8301.19,1.71,25.7,43.96
2026-05-26,San antonio,0,,,8301.19,,,
2026-05-26,San cristobal,0,,,8301.19,,,
2026-05-26,Test_merida,0,,,8301.19,,,
2026-05-26,Valencia,269,286,149.74,8301.19,1.91,29.03,55.44
2026-05-27,Barquisimeto,418,465,217.78,8367.62,2.14,17.99,38.42
2026-05-27,Cabimas,0,,,8367.62,,,
2026-05-27,Caracas,5201,4910,3238.0,8367.62,1.52,1.7,2.58
2026-05-27,Guarenas,205,199,138.33,8367.62,1.44,42.05,60.49
2026-05-27,Maracaibo,85,101,60.29,8367.62,1.68,82.85,138.78
2026-05-27,Maracay,136,116,120.51,8367.62,0.96,72.13,69.43
2026-05-27,Margarita,171,145,88.28,8367.62,1.64,57.71,94.78
2026-05-27,Puerto la cruz,317,288,184.65,8367.62,1.56,29.05,45.32
2026-05-27,San antonio,0,,,8367.62,,,
2026-05-27,San cristobal,0,,,8367.62,,,
2026-05-27,Test_merida,0,,,8367.62,,,
2026-05-27,Valencia,289,308,153.7,8367.62,2.0,27.17,54.44
2026-05-28,Barquisimeto,423,454,216.3,9700.49,2.1,21.37,44.85
2026-05-28,Cabimas,0,,,9700.49,,,
2026-05-28,Caracas,5617,5788,3739.14,9700.49,1.55,1.68,2.59
2026-05-28,Guarenas,222,248,138.32,9700.49,1.79,39.11,70.13
2026-05-28,Maracaibo,87,96,59.37,9700.49,1.62,101.05,163.4
2026-05-28,Maracay,135,162,139.33,9700.49,1.16,59.88,69.62
2026-05-28,Margarita,175,152,109.04,9700.49,1.39,63.82,88.96
2026-05-28,Puerto la cruz,362,357,205.39,9700.49,1.74,27.17,47.23
2026-05-28,San antonio,0,,,9700.49,,,
2026-05-28,San cristobal,0,,,9700.49,,,
2026-05-28,Test_merida,0,,,9700.49,,,
2026-05-28,Valencia,279,342,166.91,9700.49,2.05,28.36,58.12
2026-05-29,Barquisimeto,613,610,265.86,12481.8,2.29,20.46,46.95
2026-05-29,Cabimas,0,,,12481.8,,,
2026-05-29,Caracas,7392,7689,4459.04,12481.8,1.72,1.62,2.8
2026-05-29,Guarenas,305,374,186.75,12481.8,2.0,33.37,66.84
2026-05-29,Maracaibo,96,102,57.85,12481.8,1.76,122.37,215.76
2026-05-29,Maracay,151,189,150.65,12481.8,1.25,66.04,82.85
2026-05-29,Margarita,186,206,132.7,12481.8,1.55,60.59,94.06
2026-05-29,Puerto la cruz,339,383,225.65,12481.8,1.7,32.59,55.32
2026-05-29,San antonio,0,,,12481.8,,,
2026-05-29,San cristobal,0,,,12481.8,,,
2026-05-29,Test_merida,0,,,12481.8,,,
2026-05-29,Valencia,334,390,221.94,12481.8,1.76,32,56.24
2026-05-30,Barquisimeto,499,537,272.66,11868.15,1.97,22.1,43.53
2026-05-30,Cabimas,0,,,11868.15,,,
2026-05-30,Caracas,6437,7121,4471.92,11868.15,1.59,1.67,2.65
2026-05-30,Guarenas,307,405,178.93,11868.15,2.26,29.3,66.33
2026-05-30,Maracaibo,87,99,56.59,11868.15,1.75,119.88,209.71
2026-05-30,Maracay,160,163,169.47,11868.15,0.96,72.81,70.03
2026-05-30,Margarita,182,192,123.03,11868.15,1.56,61.81,96.46
2026-05-30,Puerto la cruz,354,391,207.05,11868.15,1.89,30.35,57.32
2026-05-30,San antonio,0,,,11868.15,,,
2026-05-30,San cristobal,0,,,11868.15,,,
2026-05-30,Test_merida,0,,,11868.15,,,
2026-05-30,Valencia,367,376,190.89,11868.15,1.97,31.56,62.17
2026-05-31,Barquisimeto,435,419,250.18,12244.12,1.67,29.22,48.94
2026-05-31,Cabimas,0,,,12244.12,,,
2026-05-31,Caracas,6142,7097,3959.16,12244.12,1.79,1.73,3.09
2026-05-31,Guarenas,286,350,163.14,12244.12,2.15,34.98,75.05
2026-05-31,Maracaibo,89,104,56.6,12244.12,1.84,117.73,216.31
2026-05-31,Maracay,226,193,141.83,12244.12,1.36,63.44,86.33
2026-05-31,Margarita,175,188,121.51,12244.12,1.55,65.13,100.77
2026-05-31,Puerto la cruz,338,329,178.08,12244.12,1.85,37.22,68.76
2026-05-31,San antonio,0,,,12244.12,,,
2026-05-31,San cristobal,0,,,12244.12,,,
2026-05-31,Test_merida,0,,,12244.12,,,
2026-05-31,Valencia,329,340,179.95,12244.12,1.89,36.01,68.04
2026-06-01,Barquisimeto,416,435,197.02,12918.21,2.21,29.7,65.57
2026-06-01,Cabimas,0,,,12918.21,,,
2026-06-01,Caracas,4736,5093,3590.91,12918.21,1.42,2.54,3.6
2026-06-01,Guarenas,193,220,128.08,12918.21,1.72,58.72,100.86
2026-06-01,Maracaibo,90,98,63.26,12918.21,1.55,131.82,204.21
2026-06-01,Maracay,142,99,133.97,12918.21,0.74,130.49,96.43
2026-06-01,Margarita,163,163,110.55,12918.21,1.47,79.25,116.86
2026-06-01,Puerto la cruz,277,346,179.66,12918.21,1.93,37.34,71.9
2026-06-01,San antonio,0,,,12918.21,,,
2026-06-01,San cristobal,0,,,12918.21,,,
2026-06-01,Test_merida,0,,,12918.21,,,
2026-06-01,Valencia,263,294,146.99,12918.21,2.0,43.94,87.89
2026-06-02,Barquisimeto,435,442,200.79,8777.74,2.2,19.86,43.72
2026-06-02,Cabimas,0,,,8777.74,,,
2026-06-02,Caracas,4752,5038,2940.84,8777.74,1.71,1.74,2.98
2026-06-02,Guarenas,205,252,133.87,8777.74,1.88,34.83,65.57
2026-06-02,Maracaibo,100,113,69.99,8777.74,1.61,77.68,125.41
2026-06-02,Maracay,116,113,127.92,8777.74,0.88,77.68,68.62
2026-06-02,Margarita,169,154,88.74,8777.74,1.74,57,98.92
2026-06-02,Puerto la cruz,274,326,177.85,8777.74,1.83,26.93,49.36
2026-06-02,San antonio,0,,,8777.74,,,
2026-06-02,San cristobal,0,,,8777.74,,,
2026-06-02,Test_merida,0,,,8777.74,,,
2026-06-02,Valencia,291,307,165.7,8777.74,1.85,28.59,52.97
2026-06-03,Barquisimeto,456,467,216.16,8802.89,2.16,18.85,40.72
2026-06-03,Cabimas,0,,,8802.89,,,
2026-06-03,Caracas,5144,5280,2954.08,8802.89,1.79,1.67,2.98
2026-06-03,Guarenas,253,220,123.13,8802.89,1.79,40.01,71.5
2026-06-03,Maracaibo,92,82,59.66,8802.89,1.37,107.35,147.56
2026-06-03,Maracay,147,99,98.14,8802.89,1.01,88.92,89.7
2026-06-03,Margarita,161,154,108.34,8802.89,1.42,57.16,81.25
2026-06-03,Puerto la cruz,287,320,174.09,8802.89,1.84,27.51,50.57
2026-06-03,San antonio,0,,,8802.89,,,
2026-06-03,San cristobal,0,,,8802.89,,,
2026-06-03,Test_merida,0,,,8802.89,,,
2026-06-03,Valencia,291,273,157.57,8802.89,1.73,32.25,55.87
2026-06-04,Barquisimeto,459,414,190.81,9684.07,2.17,23.39,50.75
2026-06-04,Cabimas,0,,,9684.07,,,
2026-06-04,Caracas,5501,5507,3055.5,9684.07,1.8,1.76,3.17
2026-06-04,Guarenas,259,229,131.72,9684.07,1.74,42.29,73.52
2026-06-04,Maracaibo,95,106,67.13,9684.07,1.58,91.36,144.27
2026-06-04,Maracay,175,122,135.52,9684.07,0.9,79.38,71.46
2026-06-04,Margarita,174,176,115.18,9684.07,1.53,55.02,84.08
2026-06-04,Puerto la cruz,312,355,180.33,9684.07,1.97,27.28,53.7
2026-06-04,San antonio,0,,,9684.07,,,
2026-06-04,San cristobal,0,,,9684.07,,,
2026-06-04,Test_merida,0,,,9684.07,,,
2026-06-04,Valencia,303,302,168.06,9684.07,1.8,32.07,57.62
2026-06-05,Barquisimeto,520,542,249.89,11436.47,2.17,21.1,45.77
2026-06-05,Cabimas,0,,,11436.47,,,
2026-06-05,Caracas,6995,7147,3583.25,11436.47,1.99,1.6,3.19
2026-06-05,Guarenas,346,299,170.64,11436.47,1.75,38.25,67.02
2026-06-05,Maracaibo,94,96,71.32,11436.47,1.35,119.13,160.34
2026-06-05,Maracay,165,162,139.2,11436.47,1.16,70.6,82.16
2026-06-05,Margarita,191,177,118.44,11436.47,1.49,64.61,96.56
2026-06-05,Puerto la cruz,368,403,209.95,11436.47,1.92,28.38,54.47
2026-06-05,San antonio,0,,,11436.47,,,
2026-06-05,San cristobal,0,,,11436.47,,,
2026-06-05,Test_merida,0,,,11436.47,,,
2026-06-05,Valencia,348,365,213.14,11436.47,1.71,31.33,53.66
2026-06-06,Barquisimeto,495,483,256.38,10998.07,1.88,22.77,42.9
2026-06-06,Cabimas,0,,,10998.07,,,
2026-06-06,Caracas,6395,6533,3660.59,10998.07,1.78,1.68,3.0
2026-06-06,Guarenas,322,339,163.68,10998.07,2.07,32.44,67.19
2026-06-06,Maracaibo,88,86,63.53,10998.07,1.35,127.88,173.11
2026-06-06,Maracay,197,143,147.86,10998.07,0.97,76.91,74.38
2026-06-06,Margarita,181,156,123.9,10998.07,1.26,70.5,88.77
2026-06-06,Puerto la cruz,357,413,222.86,10998.07,1.85,26.63,49.35
2026-06-06,San antonio,0,,,10998.07,,,
2026-06-06,San cristobal,0,,,10998.07,,,
2026-06-06,Test_merida,0,,,10998.07,,,
2026-06-06,Valencia,340,346,190.73,10998.07,1.81,31.79,57.66
2026-06-07,Barquisimeto,458,436,215.14,10230.43,2.03,23.46,47.55
2026-06-07,Cabimas,0,,,10230.43,,,
2026-06-07,Caracas,5933,5672,2630.04,10230.43,2.16,1.8,3.89
2026-06-07,Guarenas,308,297,148.73,10230.43,2.0,34.45,68.79
2026-06-07,Maracaibo,91,72,59.92,10230.43,1.2,142.09,170.72
2026-06-07,Maracay,158,137,118.32,10230.43,1.16,74.67,86.47
2026-06-07,Margarita,178,163,110.56,10230.43,1.47,62.76,92.54
2026-06-07,Puerto la cruz,318,307,195.85,10230.43,1.57,33.32,52.24
2026-06-07,San antonio,0,,,10230.43,,,
2026-06-07,San cristobal,0,,,10230.43,,,
2026-06-07,Test_merida,0,,,10230.43,,,
2026-06-07,Valencia,327,320,173.03,10230.43,1.85,31.97,59.12
2026-06-08,Barquisimeto,440,368,230.61,7308,1.6,19.86,31.69
2026-06-08,Cabimas,0,,,7308,,,
2026-06-08,Caracas,4814,4348,3086.57,7308,1.41,1.68,2.37
2026-06-08,Guarenas,196,159,113.94,7308,1.4,45.96,64.14
2026-06-08,Maracaibo,85,71,64.89,7308,1.09,102.93,112.63
2026-06-08,Maracay,97,98,87.27,7308,1.12,74.57,83.74
2026-06-08,Margarita,160,104,100.13,7308,1.04,70.27,72.98
2026-06-08,Puerto la cruz,297,270,188.39,7308,1.43,27.07,38.79
2026-06-08,San antonio,0,,,7308,,,
2026-06-08,San cristobal,0,,,7308,,,
2026-06-08,Test_merida,0,,,7308,,,
2026-06-08,Valencia,274,237,149.98,7308,1.58,30.84,48.73
2026-06-09,Barquisimeto,441,399,182.16,7888.72,2.19,19.77,43.31
2026-06-09,Cabimas,0,,,7888.72,,,
2026-06-09,Caracas,4875,4518,2928.58,7888.72,1.54,1.75,2.69
2026-06-09,Guarenas,231,236,135.82,7888.72,1.74,33.43,58.08
2026-06-09,Maracaibo,98,94,66.57,7888.72,1.41,83.92,118.51
2026-06-09,Maracay,121,101,93.56,7888.72,1.08,78.11,84.32
2026-06-09,Margarita,167,146,100.83,7888.72,1.45,54.03,78.24
2026-06-09,Puerto la cruz,296,327,174.73,7888.72,1.87,24.12,45.15
2026-06-09,San antonio,0,,,7888.72,,,
2026-06-09,San cristobal,0,,,7888.72,,,
2026-06-09,Test_merida,0,,,7888.72,,,
2026-06-09,Valencia,287,259,138.32,7888.72,1.87,30.46,57.03
2026-06-10,Barquisimeto,448,468,206.79,8274.4,2.26,17.68,40.01
2026-06-10,Cabimas,0,,,8274.4,,,
2026-06-10,Caracas,5288,4835,3142.18,8274.4,1.54,1.71,2.63
2026-06-10,Guarenas,220,207,134.62,8274.4,1.54,39.97,61.46
2026-06-10,Maracaibo,95,104,65.19,8274.4,1.6,79.56,126.92
2026-06-10,Maracay,161,88,97.9,8274.4,0.9,94.03,84.52
2026-06-10,Margarita,178,146,105.43,8274.4,1.38,56.67,78.48
2026-06-10,Puerto la cruz,295,278,175.53,8274.4,1.58,29.76,47.14
2026-06-10,San antonio,0,,,8274.4,,,
2026-06-10,San cristobal,0,,,8274.4,,,
2026-06-10,Test_merida,0,,,8274.4,,,
2026-06-10,Valencia,304,287,156.38,8274.4,1.84,28.83,52.91
2026-06-11,Barquisimeto,484,491,216.8,9724.27,2.26,19.81,44.85
2026-06-11,Cabimas,0,,,9724.27,,,
2026-06-11,Caracas,5433,5554,3532.67,9724.27,1.57,1.75,2.75
2026-06-11,Guarenas,234,229,147.51,9724.27,1.55,42.46,65.92
2026-06-11,Maracaibo,90,91,65.21,9724.27,1.4,106.86,149.13
2026-06-11,Maracay,134,115,132.89,9724.27,0.87,84.56,73.18
2026-06-11,Margarita,176,152,135.67,9724.27,1.12,63.98,71.67
2026-06-11,Puerto la cruz,326,360,211.31,9724.27,1.7,27.01,46.02
2026-06-11,San antonio,0,,,9724.27,,,
2026-06-11,San cristobal,0,,,9724.27,,,
2026-06-11,Test_merida,0,,,9724.27,,,
2026-06-11,Valencia,320,304,192.25,9724.27,1.58,31.99,50.58
2026-06-12,Barquisimeto,522,587,262.24,12240.05,2.24,20.85,46.67
2026-06-12,Cabimas,0,,,12240.05,,,
2026-06-12,Caracas,7452,7494,4140.91,12240.05,1.81,1.63,2.96
2026-06-12,Guarenas,301,320,200.82,12240.05,1.59,38.25,60.95
2026-06-12,Maracaibo,109,108,67.94,12240.05,1.59,113.33,180.15
2026-06-12,Maracay,232,170,165.8,12240.05,1.03,72,73.82
2026-06-12,Margarita,185,212,142.51,12240.05,1.49,57.74,85.89
2026-06-12,Puerto la cruz,402,474,236.02,12240.05,2.01,25.82,51.86
2026-06-12,San antonio,0,,,12240.05,,,
2026-06-12,San cristobal,0,,,12240.05,,,
2026-06-12,Test_merida,0,,,12240.05,,,
2026-06-12,Valencia,359,387,230.35,12240.05,1.68,31.63,53.14
2026-06-13,Barquisimeto,595,554,291.09,11688.26,1.9,21.1,40.15
2026-06-13,Cabimas,0,,,11688.26,,,
2026-06-13,Caracas,6820,6958,3992.21,11688.26,1.74,1.68,2.93
2026-06-13,Guarenas,324,330,180.88,11688.26,1.82,35.42,64.62
2026-06-13,Maracaibo,94,91,60.91,11688.26,1.49,128.44,191.88
2026-06-13,Maracay,131,169,161.77,11688.26,1.04,69.16,72.25
2026-06-13,Margarita,177,178,124.23,11688.26,1.43,65.66,94.08
2026-06-13,Puerto la cruz,353,397,214.64,11688.26,1.85,29.44,54.45
2026-06-13,San antonio,0,,,11688.26,,,
2026-06-13,San cristobal,0,,,11688.26,,,
2026-06-13,Test_merida,0,,,11688.26,,,
2026-06-13,Valencia,326,356,207.49,11688.26,1.72,32.83,56.33
2026-06-14,Barquisimeto,449,459,237.29,11452.06,1.93,24.95,48.26
2026-06-14,Cabimas,0,,,11452.06,,,
2026-06-14,Caracas,6791,6412,3415.44,11452.06,1.88,1.79,3.35
2026-06-14,Guarenas,285,336,175.39,11452.06,1.92,34.08,65.29
2026-06-14,Maracaibo,94,74,54.15,11452.06,1.37,154.76,211.5
2026-06-14,Maracay,203,148,150.66,11452.06,0.98,77.38,76.01
2026-06-14,Margarita,186,218,115.33,11452.06,1.89,52.53,99.29
2026-06-14,Puerto la cruz,338,358,198.01,11452.06,1.81,31.99,57.84
2026-06-14,San antonio,0,,,11452.06,,,
2026-06-14,San cristobal,0,,,11452.06,,,
2026-06-14,Test_merida,0,,,11452.06,,,
2026-06-14,Valencia,371,364,198.84,11452.06,1.83,31.46,57.59
2026-06-15,Barquisimeto,422,474,246.91,8980.88,1.92,18.95,36.37
2026-06-15,Cabimas,0,,,8980.88,,,
2026-06-15,Caracas,5352,5315,3469.02,8980.88,1.53,1.69,2.59
2026-06-15,Guarenas,198,256,147.64,8980.88,1.73,35.08,60.83
2026-06-15,Maracaibo,93,105,63.97,8980.88,1.64,85.53,140.4
2026-06-15,Maracay,88,107,98.42,8980.88,1.09,83.93,91.25
2026-06-15,Margarita,178,174,126.11,8980.88,1.38,51.61,71.22
2026-06-15,Puerto la cruz,298,357,200.48,8980.88,1.78,25.16,44.8
2026-06-15,San antonio,0,,,8980.88,,,
2026-06-15,San cristobal,0,,,8980.88,,,
2026-06-15,Test_merida,0,,,8980.88,,,
2026-06-15,Valencia,282,296,162.03,8980.88,1.83,30.34,55.43
2026-06-16,Barquisimeto,453,502,211.51,9477.72,2.37,18.88,44.81
2026-06-16,Cabimas,0,,,9477.72,,,
2026-06-16,Caracas,5060,5480,2925.24,9477.72,1.87,1.73,3.24
2026-06-16,Guarenas,230,253,149.44,9477.72,1.69,37.46,63.42
2026-06-16,Maracaibo,99,106,64.2,9477.72,1.65,89.41,147.62
2026-06-16,Maracay,134,152,100.41,9477.72,1.51,62.35,94.39
2026-06-16,Margarita,168,202,112.1,9477.72,1.8,46.92,84.55
2026-06-16,Puerto la cruz,316,366,208.64,9477.72,1.75,25.9,45.43
2026-06-16,San antonio,0,,,9477.72,,,
2026-06-16,San cristobal,0,,,9477.72,,,
2026-06-16,Test_merida,0,,,9477.72,,,
2026-06-16,Valencia,305,341,179.36,9477.72,1.9,27.79,52.84
2026-06-17,Barquisimeto,469,524,232.66,9724.39,2.25,18.56,41.8
2026-06-17,Cabimas,0,,,9724.39,,,
2026-06-17,Caracas,5268,5731,3406.85,9724.39,1.68,1.7,2.85
2026-06-17,Guarenas,236,281,168.08,9724.39,1.67,34.61,57.86
2026-06-17,Maracaibo,100,79,59.35,9724.39,1.33,123.09,163.84
2026-06-17,Maracay,147,115,116.92,9724.39,0.98,84.56,83.17
2026-06-17,Margarita,163,190,116.08,9724.39,1.64,51.18,83.77
2026-06-17,Puerto la cruz,310,357,198.68,9724.39,1.8,27.24,48.95
2026-06-17,San antonio,0,,,9724.39,,,
2026-06-17,San cristobal,0,,,9724.39,,,
2026-06-17,Test_merida,0,,,9724.39,,,
2026-06-17,Valencia,318,308,180.97,9724.39,1.7,31.57,53.74
2026-06-18,Barquisimeto,459,498,245.06,10474.15,2.03,21.03,42.74
2026-06-18,Cabimas,0,,,10474.15,,,
2026-06-18,Caracas,5700,6058,3107.69,10474.15,1.95,1.73,3.37
2026-06-18,Guarenas,258,268,153.45,10474.15,1.75,39.08,68.26
2026-06-18,Maracaibo,93,114,69.08,10474.15,1.65,91.88,151.62
2026-06-18,Maracay,138,141,109.58,10474.15,1.29,74.28,95.58
2026-06-18,Margarita,178,196,127.74,10474.15,1.53,53.44,82.0
2026-06-18,Puerto la cruz,341,347,200.19,10474.15,1.73,30.18,52.32
2026-06-18,San antonio,0,,,10474.15,,,
2026-06-18,San cristobal,0,,,10474.15,,,
2026-06-18,Test_merida,0,,,10474.15,,,
2026-06-18,Valencia,302,313,189.58,10474.15,1.65,33.46,55.25
2026-06-19,Barquisimeto,593,659,291.31,11598.36,2.26,17.6,39.81
2026-06-19,Cabimas,0,,,11598.36,,,
2026-06-19,Caracas,7848,7218,3597.05,11598.36,2.01,1.61,3.22
2026-06-19,Guarenas,344,329,189.74,11598.36,1.73,35.25,61.13
2026-06-19,Maracaibo,117,96,64.93,11598.36,1.48,120.82,178.63
2026-06-19,Maracay,191,166,136.8,11598.36,1.21,69.87,84.78
2026-06-19,Margarita,210,205,135.86,11598.36,1.51,56.58,85.37
2026-06-19,Puerto la cruz,425,434,207.88,11598.36,2.09,26.72,55.79
2026-06-19,San antonio,0,,,11598.36,,,
2026-06-19,San cristobal,0,,,11598.36,,,
2026-06-19,Test_merida,0,,,11598.36,,,
2026-06-19,Valencia,389,354,224.23,11598.36,1.58,32.76,51.73
2026-06-20,Barquisimeto,559,514,257.83,11066.39,1.99,21.53,42.92
2026-06-20,Cabimas,0,,,11066.39,,,
2026-06-20,Caracas,7043,6605,3769.14,11066.39,1.75,1.68,2.94
2026-06-20,Guarenas,357,339,189.81,11066.39,1.79,32.64,58.3
2026-06-20,Maracaibo,109,87,65.48,11066.39,1.33,127.2,169.0
2026-06-20,Maracay,172,161,126.58,11066.39,1.27,68.74,87.43
2026-06-20,Margarita,202,184,130.85,11066.39,1.41,60.14,84.57
2026-06-20,Puerto la cruz,412,422,207.8,11066.39,2.03,26.22,53.26
2026-06-20,San antonio,0,,,11066.39,,,
2026-06-20,San cristobal,0,,,11066.39,,,
2026-06-20,Test_merida,0,,,11066.39,,,
2026-06-20,Valencia,367,382,207.99,11066.39,1.84,28.97,53.21
2026-06-21,Barquisimeto,502,510,274.64,16322.52,1.86,32,59.43
2026-06-21,Cabimas,0,,,16322.52,,,
2026-06-21,Caracas,7002,6895,3423.48,16322.52,2.01,2.37,4.77
2026-06-21,Guarenas,322,355,183.86,16322.52,1.93,45.98,88.78
2026-06-21,Maracaibo,111,99,55.95,16322.52,1.77,164.87,291.74
2026-06-21,Maracay,172,181,123.81,16322.52,1.46,90.18,131.84
2026-06-21,Margarita,205,189,133.86,16322.52,1.41,86.36,121.93
2026-06-21,Puerto la cruz,373,420,191.99,16322.52,2.19,38.86,85.02
2026-06-21,San antonio,0,,,16322.52,,,
2026-06-21,San cristobal,0,,,16322.52,,,
2026-06-21,Test_merida,0,,,16322.52,,,
2026-06-21,Valencia,354,363,211.84,16322.52,1.71,44.97,77.05
2026-06-22,Barquisimeto,429,453,268.13,8204.84,1.69,18.11,30.6
2026-06-22,Cabimas,0,,,8204.84,,,
2026-06-22,Caracas,5033,4849,2801.77,8204.84,1.73,1.69,2.93
2026-06-22,Guarenas,227,215,137.16,8204.84,1.57,38.16,59.82
2026-06-22,Maracaibo,100,96,67.6,8204.84,1.42,85.47,121.38
2026-06-22,Maracay,136,101,95.68,8204.84,1.06,81.24,85.75
2026-06-22,Margarita,172,174,121.84,8204.84,1.43,47.15,67.34
2026-06-22,Puerto la cruz,347,330,195.81,8204.84,1.69,24.86,41.9
2026-06-22,San antonio,0,,,8204.84,,,
2026-06-22,San cristobal,0,,,8204.84,,,
2026-06-22,Test_merida,0,,,8204.84,,,
2026-06-22,Valencia,262,261,150.69,8204.84,1.73,31.44,54.45
2026-06-23,Barquisimeto,436,471,223.7,10183.4,2.11,21.62,45.52
2026-06-23,Cabimas,0,,,10183.4,,,
2026-06-23,Caracas,5223,5427,2910.56,10183.4,1.86,1.88,3.5
2026-06-23,Guarenas,255,239,133.5,10183.4,1.79,42.61,76.28
2026-06-23,Maracaibo,105,94,67.25,10183.4,1.4,108.33,151.42
2026-06-23,Maracay,141,139,103.16,10183.4,1.35,73.26,98.72
2026-06-23,Margarita,180,192,124.57,10183.4,1.54,53.04,81.75
2026-06-23,Puerto la cruz,360,367,192.94,10183.4,1.9,27.75,52.78
2026-06-23,San antonio,0,,,10183.4,,,
2026-06-23,San cristobal,0,,,10183.4,,,
2026-06-23,Test_merida,0,,,10183.4,,,
2026-06-23,Valencia,308,322,181.24,10183.4,1.78,31.63,56.19
2026-06-24,Barquisimeto,502,402,253.16,7285.67,1.59,18.12,28.78
2026-06-24,Cabimas,0,,,7285.67,,,
2026-06-24,Caracas,5860,3872,2321.74,7285.67,1.67,1.88,3.14
2026-06-24,Guarenas,251,229,128.74,7285.67,1.78,31.82,56.59
2026-06-24,Maracaibo,102,73,58.76,7285.67,1.24,99.8,123.99
2026-06-24,Maracay,143,82,112.06,7285.67,0.73,88.85,65.02
2026-06-24,Margarita,185,125,124.72,7285.67,1.0,58.29,58.42
2026-06-24,Puerto la cruz,363,219,181.64,7285.67,1.21,33.27,40.11
2026-06-24,San antonio,0,,,7285.67,,,
2026-06-24,San cristobal,0,,,7285.67,,,
2026-06-24,Test_merida,0,,,7285.67,,,
2026-06-24,Valencia,315,211,158.93,7285.67,1.33,34.53,45.84
2026-06-25,Barquisimeto,511,221,244.71,1012.11,0.9,4.58,4.14
2026-06-25,Cabimas,0,,,1012.11,,,
2026-06-25,Caracas,6454,2,555.82,1012.11,0.0,506.06,1.82
2026-06-25,Guarenas,267,,72.66,1012.11,,,13.93
2026-06-25,Maracaibo,103,49,59.63,1012.11,0.82,20.66,16.97
2026-06-25,Maracay,142,,73.67,1012.11,,,13.74
2026-06-25,Margarita,189,106,126.8,1012.11,0.84,9.55,7.98
2026-06-25,Puerto la cruz,380,217,193.6,1012.11,1.12,4.66,5.23
2026-06-25,San antonio,0,,,1012.11,,,
2026-06-25,San cristobal,0,,,1012.11,,,
2026-06-25,Test_merida,0,,,1012.11,,,
2026-06-25,Valencia,319,128,177.97,1012.11,0.72,7.91,5.69
2026-06-26,Barquisimeto,609,499,277.52,1646,1.8,3.3,5.93
2026-06-26,Cabimas,0,,,1646,,,
2026-06-26,Caracas,7849,2,391.86,1646,0.01,823,4.2
2026-06-26,Guarenas,346,,49.8,1646,,,33.05
2026-06-26,Maracaibo,112,92,70.99,1646,1.3,17.89,23.19
2026-06-26,Maracay,177,0,33.06,1646,0.0,,49.79
2026-06-26,Margarita,213,186,120.93,1646,1.54,8.85,13.61
2026-06-26,Puerto la cruz,453,336,210.77,1646,1.59,4.9,7.81
2026-06-26,San antonio,0,,,1646,,,
2026-06-26,San cristobal,0,,,1646,,,
2026-06-26,Test_merida,0,,,1646,,,
2026-06-26,Valencia,397,260,199.91,1646,1.3,6.33,8.23
2026-06-27,Barquisimeto,566,471,276.66,4245.34,1.7,9.01,15.35
2026-06-27,Cabimas,0,,,4245.34,,,
2026-06-27,Caracas,7247,2111,954.29,4245.34,2.21,2.01,4.45
2026-06-27,Guarenas,349,0,68.71,4245.34,0.0,,61.79
2026-06-27,Maracaibo,98,78,58.11,4245.34,1.34,54.43,73.06
2026-06-27,Maracay,181,88,93.01,4245.34,0.95,48.24,45.64
2026-06-27,Margarita,201,135,117.21,4245.34,1.15,31.45,36.22
2026-06-27,Puerto la cruz,427,354,174.19,4245.34,2.03,11.99,24.37
2026-06-27,San antonio,0,,,4245.34,,,
2026-06-27,San cristobal,0,,,4245.34,,,
2026-06-27,Test_merida,0,,,4245.34,,,
2026-06-27,Valencia,336,194,169.82,4245.34,1.14,21.88,25.0
2026-06-28,Barquisimeto,489,407,274.61,4600.04,1.48,11.3,16.75
2026-06-28,Cabimas,0,,,4600.04,,,
2026-06-28,Caracas,6721,2434,1090.56,4600.04,2.23,1.89,4.22
2026-06-28,Guarenas,343,74,51.67,4600.04,1.43,62.16,89.03
2026-06-28,Maracaibo,92,48,54.34,4600.04,0.88,95.83,84.65
2026-06-28,Maracay,148,88,89.77,4600.04,0.98,52.27,51.24
2026-06-28,Margarita,208,169,135.51,4600.04,1.25,27.22,33.95
2026-06-28,Puerto la cruz,356,296,174.45,4600.04,1.7,15.54,26.37
2026-06-28,San antonio,0,,,4600.04,,,
2026-06-28,San cristobal,0,,,4600.04,,,
2026-06-28,Test_merida,0,,,4600.04,,,
2026-06-28,Valencia,366,231,182.11,4600.04,1.27,19.91,25.26
2026-06-29,Barquisimeto,500,394,251.09,6672.58,1.57,16.94,26.57
2026-06-29,Cabimas,0,,,6672.58,,,
2026-06-29,Caracas,5805,3595,2230.33,6672.58,1.61,1.86,2.99
2026-06-29,Guarenas,264,108,116.28,6672.58,0.93,61.78,57.38
2026-06-29,Maracaibo,107,78,66.71,6672.58,1.17,85.55,100.03
2026-06-29,Maracay,138,65,106.11,6672.58,0.61,102.66,62.89
2026-06-29,Margarita,190,158,126.39,6672.58,1.25,42.23,52.79
2026-06-29,Puerto la cruz,352,327,190.74,6672.58,1.71,20.41,34.98
2026-06-29,San antonio,0,,,6672.58,,,
2026-06-29,San cristobal,0,,,6672.58,,,
2026-06-29,Test_merida,0,,,6672.58,,,
2026-06-29,Valencia,311,215,168.97,6672.58,1.27,31.04,39.49
2026-06-30,Barquisimeto,519,494,250.15,7994.63,1.97,16.18,31.96
2026-06-30,Cabimas,0,,,7994.63,,,
2026-06-30,Caracas,5869,4218,2387.88,7994.63,1.77,1.9,3.35
2026-06-30,Guarenas,280,194,133.07,7994.63,1.46,41.21,60.08
2026-06-30,Maracaibo,111,97,66.74,7994.63,1.45,82.42,119.79
2026-06-30,Maracay,161,98,129.16,7994.63,0.76,81.58,61.9
2026-06-30,Margarita,188,201,115.91,7994.63,1.73,39.77,68.97
2026-06-30,Puerto la cruz,380,337,202.59,7994.63,1.66,23.72,39.46
2026-06-30,San antonio,0,,,7994.63,,,
2026-06-30,San cristobal,0,,,7994.63,,,
2026-06-30,Test_merida,0,,,7994.63,,,
2026-06-30,Valencia,344,269,181.92,7994.63,1.48,29.72,43.95
2026-07-01,Barquisimeto,536,515,265.11,8144.65,1.94,15.81,30.72
2026-07-01,Cabimas,0,,,8144.65,,,
2026-07-01,Caracas,6085,4636,2725.04,8144.65,1.7,1.76,2.99
2026-07-01,Guarenas,291,238,154.33,8144.65,1.54,34.22,52.77
2026-07-01,Maracaibo,103,93,66.43,8144.65,1.4,87.58,122.61
2026-07-01,Maracay,146,86,123.25,8144.65,0.7,94.71,66.08
2026-07-01,Margarita,191,195,125.27,8144.65,1.56,41.77,65.02
2026-07-01,Puerto la cruz,380,370,209.37,8144.65,1.77,22.01,38.9
2026-07-01,San antonio,0,,,8144.65,,,
2026-07-01,San cristobal,0,,,8144.65,,,
2026-07-01,Test_merida,0,,,8144.65,,,
2026-07-01,Valencia,325,271,164.44,8144.65,1.65,30.05,49.53
2026-07-02,Barquisimeto,529,460,249.1,8651.51,1.85,18.81,34.73
2026-07-02,Cabimas,0,,,8651.51,,,
2026-07-02,Caracas,6557,4796,2720.76,8651.51,1.76,1.8,3.18
2026-07-02,Guarenas,298,232,153.75,8651.51,1.51,37.29,56.27
2026-07-02,Maracaibo,123,92,75.44,8651.51,1.22,94.04,114.68
2026-07-02,Maracay,159,106,127.18,8651.51,0.83,81.62,68.03
2026-07-02,Margarita,196,184,140.98,8651.51,1.31,47.02,61.37
2026-07-02,Puerto la cruz,409,342,206.06,8651.51,1.66,25.3,41.98
2026-07-02,San antonio,0,,,8651.51,,,
2026-07-02,San cristobal,0,,,8651.51,,,
2026-07-02,Test_merida,0,,,8651.51,,,
2026-07-02,Valencia,335,278,156.28,8651.51,1.78,31.12,55.36
2026-07-03,Barquisimeto,671,611,287.02,10455.46,2.13,17.11,36.43
2026-07-03,Cabimas,0,,,10455.46,,,
2026-07-03,Caracas,7807,5953,3142.04,10455.46,1.89,1.76,3.33
2026-07-03,Guarenas,366,286,178.88,10455.46,1.6,36.56,58.45
2026-07-03,Maracaibo,134,97,80.71,10455.46,1.2,107.79,129.55
2026-07-03,Maracay,186,127,132.87,10455.46,0.96,82.33,78.69
2026-07-03,Margarita,223,190,134.22,10455.46,1.42,55.03,77.9
2026-07-03,Puerto la cruz,466,405,216.33,10455.46,1.87,25.82,48.33
2026-07-03,San antonio,0,,,10455.46,,,
2026-07-03,San cristobal,0,,,10455.46,,,
2026-07-03,Test_merida,0,,,10455.46,,,
2026-07-03,Valencia,405,335,214.36,10455.46,1.56,31.21,48.77
2026-07-04,Barquisimeto,587,481,298.56,9630.72,1.61,20.02,32.26
2026-07-04,Cabimas,0,,,9630.72,,,
2026-07-04,Caracas,7252,5516,3144.66,9630.72,1.75,1.75,3.06
2026-07-04,Guarenas,364,284,162.91,9630.72,1.74,33.91,59.12
2026-07-04,Maracaibo,116,84,66.42,9630.72,1.26,114.65,144.99
2026-07-04,Maracay,177,116,140.84,9630.72,0.82,83.02,68.38
2026-07-04,Margarita,208,139,131.95,9630.72,1.05,69.29,72.99
2026-07-04,Puerto la cruz,454,365,199.9,9630.72,1.83,26.39,48.18
2026-07-04,San antonio,0,,,9630.72,,,
2026-07-04,San cristobal,0,,,9630.72,,,
2026-07-04,Test_merida,0,,,9630.72,,,
2026-07-04,Valencia,414,279,179.43,9630.72,1.55,34.52,53.67
2026-07-05,Barquisimeto,543,411,278.9,11206.97,1.47,27.27,40.18
2026-07-05,Cabimas,0,,,11206.97,,,
2026-07-05,Caracas,7176,5338,2852.71,11206.97,1.87,2.1,3.93
2026-07-05,Guarenas,359,238,186.06,11206.97,1.28,47.09,60.23
2026-07-05,Maracaibo,113,74,62.78,11206.97,1.18,151.45,178.52
2026-07-05,Maracay,181,121,137.26,11206.97,0.88,92.62,81.65
2026-07-05,Margarita,211,172,126.55,11206.97,1.36,65.16,88.56
2026-07-05,Puerto la cruz,411,332,223.12,11206.97,1.49,33.76,50.23
2026-07-05,San antonio,0,,,11206.97,,,
2026-07-05,San cristobal,0,,,11206.97,,,
2026-07-05,Test_merida,0,,,11206.97,,,
2026-07-05,Valencia,373,269,162.35,11206.97,1.66,41.66,69.03
2026-07-06,Barquisimeto,431,399,251.63,7344.92,1.59,18.41,29.19
2026-07-06,Cabimas,0,,,7344.92,,,
2026-07-06,Caracas,4430,4287,2521.93,7344.92,1.7,1.71,2.91
2026-07-06,Guarenas,203,193,125.64,7344.92,1.54,38.06,58.46
2026-07-06,Maracaibo,92,58,55.26,7344.92,1.05,126.64,132.92
2026-07-06,Maracay,94,79,78.88,7344.92,1.0,92.97,93.11
2026-07-06,Margarita,164,109,108.98,7344.92,1.0,67.38,67.39
2026-07-06,Puerto la cruz,324,268,189.37,7344.92,1.42,27.41,38.79
2026-07-06,San antonio,0,,,7344.92,,,
2026-07-06,San cristobal,0,,,7344.92,,,
2026-07-06,Test_merida,0,,,7344.92,,,
2026-07-06,Valencia,245,231,138.94,7344.92,1.66,31.8,52.86
2026-07-07,Barquisimeto,452,461,233.5,7760.46,1.97,16.83,33.24
2026-07-07,Cabimas,0,,,7760.46,,,
2026-07-07,Caracas,4644,4360,2441.43,7760.46,1.79,1.78,3.18
2026-07-07,Guarenas,226,193,138.19,7760.46,1.4,40.21,56.16
2026-07-07,Maracaibo,97,64,62.0,7760.46,1.03,121.26,125.18
2026-07-07,Maracay,105,85,72.41,7760.46,1.17,91.3,107.17
2026-07-07,Margarita,166,150,115.23,7760.46,1.3,51.74,67.35
2026-07-07,Puerto la cruz,324,264,186.66,7760.46,1.41,29.4,41.58
2026-07-07,San antonio,0,,,7760.46,,,
2026-07-07,San cristobal,0,,,7760.46,,,
2026-07-07,Test_merida,0,,,7760.46,,,
2026-07-07,Valencia,265,254,157.7,7760.46,1.61,30.55,49.21
2026-07-08,Barquisimeto,520,403,248.44,7563.98,1.62,18.77,30.45
2026-07-08,Cabimas,0,,,7563.98,,,
2026-07-08,Caracas,4823,4432,2770.7,7563.98,1.6,1.71,2.73
2026-07-08,Guarenas,226,214,147.29,7563.98,1.45,35.35,51.35
2026-07-08,Maracaibo,86,63,55.66,7563.98,1.13,120.06,135.89
2026-07-08,Maracay,101,80,87.86,7563.98,0.91,94.55,86.09
2026-07-08,Margarita,167,145,124.69,7563.98,1.16,52.17,60.66
2026-07-08,Puerto la cruz,322,258,176.17,7563.98,1.46,29.32,42.93
2026-07-08,San antonio,0,,,7563.98,,,
2026-07-08,San cristobal,0,,,7563.98,,,
2026-07-08,Test_merida,0,,,7563.98,,,
2026-07-08,Valencia,271,244,148.73,7563.98,1.64,31,50.86
2026-07-09,Barquisimeto,499,437,246.54,8090.34,1.77,18.51,32.82
2026-07-09,Cabimas,0,,,8090.34,,,
2026-07-09,Caracas,5124,4749,3197.15,8090.34,1.49,1.7,2.53
2026-07-09,Guarenas,235,216,139.4,8090.34,1.55,37.46,58.04
2026-07-09,Maracaibo,89,66,56.64,8090.34,1.17,122.58,142.85
2026-07-09,Maracay,106,78,96.86,8090.34,0.81,103.72,83.52
2026-07-09,Margarita,167,157,126.12,8090.34,1.24,51.53,64.15
2026-07-09,Puerto la cruz,331,324,190.0,8090.34,1.71,24.97,42.58
2026-07-09,San antonio,0,,,8090.34,,,
2026-07-09,San cristobal,0,,,8090.34,,,
2026-07-09,Test_merida,0,,,8090.34,,,
2026-07-09,Valencia,277,248,157.08,8090.34,1.58,32.62,51.5
2026-07-10,Barquisimeto,596,549,292.5,9824.75,1.88,17.9,33.59
2026-07-10,Cabimas,0,,,9824.75,,,
2026-07-10,Caracas,6416,5850,3450.0,9824.75,1.7,1.68,2.85
2026-07-10,Guarenas,303,270,177.78,9824.75,1.52,36.39,55.26
2026-07-10,Maracaibo,92,79,69.59,9824.75,1.14,124.36,141.18
2026-07-10,Maracay,126,97,112.65,9824.75,0.86,101.29,87.22
2026-07-10,Margarita,188,163,137.54,9824.75,1.19,60.27,71.43
2026-07-10,Puerto la cruz,385,343,219.21,9824.75,1.56,28.64,44.82
2026-07-10,San antonio,0,,,9824.75,,,
2026-07-10,San cristobal,0,,,9824.75,,,
2026-07-10,Test_merida,0,,,9824.75,,,
2026-07-10,Valencia,325,302,207.71,9824.75,1.45,32.53,47.3
2026-07-11,Barquisimeto,505,483,266.07,10316.26,1.82,21.36,38.77
2026-07-11,Cabimas,0,,,10316.26,,,
2026-07-11,Caracas,5690,5299,2901.79,10316.26,1.83,1.95,3.56
2026-07-11,Guarenas,308,322,160.73,10316.26,2.0,32.04,64.18
2026-07-11,Maracaibo,83,71,55.66,10316.26,1.28,145.3,185.36
2026-07-11,Maracay,109,116,105.58,10316.26,1.1,88.93,97.71
2026-07-11,Margarita,174,184,145.96,10316.26,1.26,56.07,70.68
2026-07-11,Puerto la cruz,374,373,198.19,10316.26,1.88,27.66,52.05
2026-07-11,San antonio,0,,,10316.26,,,
2026-07-11,San cristobal,0,,,10316.26,,,
2026-07-11,Test_merida,0,,,10316.26,,,
2026-07-11,Valencia,303,289,185.4,10316.26,1.56,35.7,55.64
2026-07-12,Barquisimeto,448,432,251.95,8706.43,1.71,20.15,34.56
2026-07-12,Cabimas,0,,,8706.43,,,
2026-07-12,Caracas,5487,5100,3014.26,8706.43,1.69,1.71,2.89
2026-07-12,Guarenas,286,250,159.11,8706.43,1.57,34.83,54.72
2026-07-12,Maracaibo,85,60,57.09,8706.43,1.05,145.11,152.49
2026-07-12,Maracay,111,106,113.64,8706.43,0.93,82.14,76.62
2026-07-12,Margarita,182,149,117.48,8706.43,1.27,58.43,74.11
2026-07-12,Puerto la cruz,331,290,186.47,8706.43,1.56,30.02,46.69
2026-07-12,San antonio,0,,,8706.43,,,
2026-07-12,San cristobal,0,,,8706.43,,,
2026-07-12,Test_merida,0,,,8706.43,,,
2026-07-12,Valencia,293,288,180.94,8706.43,1.59,30.23,48.12
2026-07-13,Barquisimeto,468,410,243.96,7329.77,1.68,17.88,30.04
2026-07-13,Cabimas,0,,,7329.77,,,
2026-07-13,Caracas,4788,4208,2837.37,7329.77,1.48,1.74,2.58
2026-07-13,Guarenas,226,186,129.36,7329.77,1.44,39.41,56.66
2026-07-13,Maracaibo,105,75,64.5,7329.77,1.16,97.73,113.63
2026-07-13,Maracay,90,89,90.97,7329.77,0.98,82.36,80.57
2026-07-13,Margarita,164,141,115.58,7329.77,1.22,51.98,63.42
2026-07-13,Puerto la cruz,325,268,184.43,7329.77,1.45,27.35,39.74
2026-07-13,San antonio,0,,,7329.77,,,
2026-07-13,San cristobal,0,,,7329.77,,,
2026-07-13,Test_merida,0,,,7329.77,,,
2026-07-13,Valencia,261,246,143.07,7329.77,1.72,29.8,51.23
2026-07-14,Barquisimeto,487,393,237.98,8260.72,1.65,21.02,34.71
2026-07-14,Cabimas,0,,,8260.72,,,
2026-07-14,Caracas,5176,4730,2895.7,8260.72,1.63,1.75,2.85
2026-07-14,Guarenas,255,203,140.5,8260.72,1.44,40.69,58.8
2026-07-14,Maracaibo,104,88,72.16,8260.72,1.22,93.87,114.48
2026-07-14,Maracay,106,92,103.13,8260.72,0.89,89.79,80.1
2026-07-14,Margarita,173,168,118.18,8260.72,1.42,49.17,69.9
2026-07-14,Puerto la cruz,359,314,197.95,8260.72,1.59,26.31,41.73
2026-07-14,San antonio,0,,,8260.72,,,
2026-07-14,San cristobal,0,,,8260.72,,,
2026-07-14,Test_merida,0,,,8260.72,,,
2026-07-14,Valencia,311,263,172.92,8260.72,1.52,31.41,47.77
2026-07-15,Barquisimeto,544,507,279.6,9182.31,1.81,18.11,32.84
2026-07-15,Cabimas,0,,,9182.31,,,
2026-07-15,Caracas,5548,5375,3194.07,9182.31,1.68,1.71,2.87
2026-07-15,Guarenas,259,254,172.01,9182.31,1.48,36.15,53.38
2026-07-15,Maracaibo,117,76,69.55,9182.31,1.09,120.82,132.02
2026-07-15,Maracay,101,97,101.04,9182.31,0.96,94.66,90.88
2026-07-15,Margarita,188,183,134.88,9182.31,1.36,50.18,68.08
2026-07-15,Puerto la cruz,365,331,186.67,9182.31,1.77,27.74,49.19
2026-07-15,San antonio,0,,,9182.31,,,
2026-07-15,San cristobal,0,,,9182.31,,,
2026-07-15,Test_merida,0,,,9182.31,,,
2026-07-15,Valencia,327,344,189.73,9182.31,1.81,26.69,48.4
2026-07-16,Barquisimeto,547,425,245.61,9520.9,1.73,22.4,38.76
2026-07-16,Cabimas,0,,,9520.9,,,
2026-07-16,Caracas,5315,5730,3253.99,9520.9,1.76,1.66,2.93
2026-07-16,Guarenas,272,289,145.59,9520.9,1.99,32.94,65.4
2026-07-16,Maracaibo,112,86,64.26,9520.9,1.34,110.71,148.16
2026-07-16,Maracay,113,112,110.5,9520.9,1.01,85.01,86.16
2026-07-16,Margarita,186,168,133.09,9520.9,1.26,56.67,71.54
2026-07-16,Puerto la cruz,358,380,208.19,9520.9,1.83,25.06,45.73
2026-07-16,San antonio,0,,,9520.9,,,
2026-07-16,San cristobal,0,,,9520.9,,,
2026-07-16,Test_merida,0,,,9520.9,,,
2026-07-16,Valencia,317,316,183.03,9520.9,1.73,30.13,52.02
2026-07-17,Barquisimeto,661,594,309.27,11631.44,1.92,19.58,37.61
2026-07-17,Cabimas,0,,,11631.44,,,
2026-07-17,Caracas,6862,6952,3546.01,11631.44,1.96,1.67,3.28
2026-07-17,Guarenas,361,349,198.95,11631.44,1.75,33.33,58.46
2026-07-17,Maracaibo,117,94,81.5,11631.44,1.15,123.74,142.72
2026-07-17,Maracay,144,144,133.39,11631.44,1.08,80.77,87.2
2026-07-17,Margarita,201,224,152.86,11631.44,1.47,51.93,76.09
2026-07-17,Puerto la cruz,439,389,213.23,11631.44,1.82,29.9,54.55
2026-07-17,San antonio,0,,,11631.44,,,
2026-07-17,San cristobal,0,,,11631.44,,,
2026-07-17,Test_merida,0,,,11631.44,,,
2026-07-17,Valencia,399,371,229.71,11631.44,1.62,31.35,50.64
2026-07-18,Barquisimeto,587,493,276.08,9810.87,1.79,19.9,35.54
2026-07-18,Cabimas,0,,,9810.87,,,
2026-07-18,Caracas,6162,5745,3048.28,9810.87,1.88,1.71,3.22
2026-07-18,Guarenas,347,319,177.05,9810.87,1.8,30.76,55.41
2026-07-18,Maracaibo,111,62,63.9,9810.87,0.97,158.24,153.54
2026-07-18,Maracay,135,143,122.91,9810.87,1.16,68.61,79.82
2026-07-18,Margarita,195,179,141.43,9810.87,1.27,54.81,69.37
2026-07-18,Puerto la cruz,408,397,201.58,9810.87,1.97,24.71,48.67
2026-07-18,San antonio,0,,,9810.87,,,
2026-07-18,San cristobal,0,,,9810.87,,,
2026-07-18,Test_merida,0,,,9810.87,,,
2026-07-18,Valencia,362,323,195.06,9810.87,1.66,30.37,50.3
2026-07-19,Barquisimeto,513,488,268.31,11200.83,1.82,22.95,41.75
2026-07-19,Cabimas,0,,,11200.83,,,
2026-07-19,Caracas,5790,6063,2757.08,11200.83,2.2,1.85,4.06
2026-07-19,Guarenas,326,387,166.79,11200.83,2.32,28.94,67.16
2026-07-19,Maracaibo,87,80,61.83,11200.83,1.29,140.01,181.17
2026-07-19,Maracay,139,199,122.87,11200.83,1.62,56.29,91.16
2026-07-19,Margarita,195,210,130.71,11200.83,1.61,53.34,85.69
2026-07-19,Puerto la cruz,364,420,181.13,11200.83,2.32,26.67,61.84
2026-07-19,San antonio,0,,,11200.83,,,
2026-07-19,San cristobal,0,,,11200.83,,,
2026-07-19,Test_merida,0,,,11200.83,,,
2026-07-19,Valencia,353,288,185.16,11200.83,1.56,38.89,60.49
2026-07-20,Barquisimeto,433,451,252.45,7502.33,1.79,16.63,29.72
2026-07-20,Cabimas,0,,,7502.33,,,
2026-07-20,Caracas,4750,4464,2169.98,7502.33,2.06,1.68,3.46
2026-07-20,Guarenas,222,238,114.31,7502.33,2.08,31.52,65.63
2026-07-20,Maracaibo,82,71,63.27,7502.33,1.12,105.67,118.58
2026-07-20,Maracay,110,110,80.16,7502.33,1.37,68.2,93.6
2026-07-20,Margarita,164,134,125.32,7502.33,1.07,55.99,59.87
2026-07-20,Puerto la cruz,327,319,185.56,7502.33,1.72,23.52,40.43
2026-07-20,San antonio,0,,,7502.33,,,
2026-07-20,San cristobal,0,,,7502.33,,,
2026-07-20,Test_merida,0,,,7502.33,,,
2026-07-20,Valencia,256,247,149.38,7502.33,1.65,30.37,50.22
2026-07-21,Barquisimeto,483,439,235.48,8104.52,1.86,18.46,34.42
2026-07-21,Cabimas,0,,,8104.52,,,
2026-07-21,Caracas,4889,4530,2670.57,8104.52,1.7,1.79,3.03
2026-07-21,Guarenas,250,240,140.58,8104.52,1.71,33.77,57.65
2026-07-21,Maracaibo,97,76,64.74,8104.52,1.17,106.64,125.19
2026-07-21,Maracay,118,118,96.48,8104.52,1.22,68.68,84.0
2026-07-21,Margarita,175,140,123.18,8104.52,1.14,57.89,65.8
2026-07-21,Puerto la cruz,337,304,188.23,8104.52,1.62,26.66,43.06
2026-07-21,San antonio,0,,,8104.52,,,
2026-07-21,San cristobal,0,,,8104.52,,,
2026-07-21,Test_merida,0,,,8104.52,,,
2026-07-21,Valencia,285,282,163.07,8104.52,1.73,28.74,49.7
2026-07-22,Barquisimeto,495,435,249.05,8120.96,1.75,18.67,32.61
2026-07-22,Cabimas,0,,,8120.96,,,
2026-07-22,Caracas,5103,4712,3038.45,8120.96,1.55,1.72,2.67
2026-07-22,Guarenas,247,231,138.26,8120.96,1.67,35.16,58.74
2026-07-22,Maracaibo,93,75,65.56,8120.96,1.14,108.28,123.87
2026-07-22,Maracay,114,116,101.02,8120.96,1.15,70.01,80.39
2026-07-22,Margarita,184,156,127.57,8120.96,1.22,52.06,63.66
2026-07-22,Puerto la cruz,334,327,172.65,8120.96,1.89,24.83,47.04
2026-07-22,San antonio,0,,,8120.96,,,
2026-07-22,San cristobal,0,,,8120.96,,,
2026-07-22,Test_merida,0,,,8120.96,,,
2026-07-22,Valencia,292,248,161.4,8120.96,1.54,32.75,50.32
2026-07-23,Barquisimeto,496,495,248.54,9636.72,1.99,19.47,38.77
2026-07-23,Cabimas,0,,,9636.72,,,
2026-07-23,Caracas,5937,5794,3514.69,9636.72,1.65,1.66,2.74
2026-07-23,Guarenas,259,275,154.7,9636.72,1.78,35.04,62.29
2026-07-23,Maracaibo,95,74,70.91,9636.72,1.04,130.23,135.89
2026-07-23,Maracay,125,137,109.57,9636.72,1.25,70.34,87.95
2026-07-23,Margarita,190,182,137.64,9636.72,1.32,52.95,70.02
2026-07-23,Puerto la cruz,347,361,199.49,9636.72,1.81,26.69,48.31
2026-07-23,San antonio,0,,,9636.72,,,
2026-07-23,San cristobal,0,,,9636.72,,,
2026-07-23,Test_merida,0,,,9636.72,,,
2026-07-23,Valencia,291,319,170.11,9636.72,1.88,30.21,56.65
2026-07-24,Barquisimeto,625,538,280.56,11700.25,1.92,21.75,41.7
2026-07-24,Cabimas,0,,,11700.25,,,
2026-07-24,Caracas,6952,5863,3911.46,11700.25,1.5,2,2.99
2026-07-24,Guarenas,336,297,208.02,11700.25,1.43,39.39,56.25
2026-07-24,Maracaibo,108,83,74.01,11700.25,1.12,140.97,158.1
2026-07-24,Maracay,150,124,120.79,11700.25,1.03,94.36,96.86
2026-07-24,Margarita,196,166,128.65,11700.25,1.29,70.48,90.95
2026-07-24,Puerto la cruz,419,380,215.91,11700.25,1.76,30.79,54.19
2026-07-24,San antonio,0,,,11700.25,,,
2026-07-24,San cristobal,0,,,11700.25,,,
2026-07-24,Test_merida,0,,,11700.25,,,
2026-07-24,Valencia,353,327,208.51,11700.25,1.57,35.78,56.11
2026-07-25,Barquisimeto,536,533,305.53,9597.42,1.74,18.01,31.41
2026-07-25,Cabimas,0,,,9597.42,,,
2026-07-25,Caracas,6115,5480,3381.22,9597.42,1.62,1.75,2.84
2026-07-25,Guarenas,338,322,184.5,9597.42,1.75,29.81,52.02
2026-07-25,Maracaibo,96,81,70.49,9597.42,1.15,118.49,136.15
2026-07-25,Maracay,135,133,113.62,9597.42,1.17,72.16,84.47
2026-07-25,Margarita,192,185,132.04,9597.42,1.4,51.88,72.69
2026-07-25,Puerto la cruz,400,386,216.38,9597.42,1.78,24.86,44.35
2026-07-25,San antonio,0,,,9597.42,,,
2026-07-25,San cristobal,0,,,9597.42,,,
2026-07-25,Test_merida,0,,,9597.42,,,
2026-07-25,Valencia,324,316,177.2,9597.42,1.78,30.37,54.16
2026-07-26,Barquisimeto,479,453,249.82,9064.09,1.81,20.01,36.28
2026-07-26,Cabimas,0,,,9064.09,,,
2026-07-26,Caracas,5687,5255,3003.87,9064.09,1.75,1.72,3.02
2026-07-26,Guarenas,310,260,167.5,9064.09,1.55,34.86,54.11
2026-07-26,Maracaibo,83,75,64.36,9064.09,1.17,120.85,140.83
2026-07-26,Maracay,135,168,135.91,9064.09,1.24,53.95,66.69
2026-07-26,Margarita,187,169,132.59,9064.09,1.27,53.63,68.36
2026-07-26,Puerto la cruz,354,316,203.3,9064.09,1.55,28.68,44.58
2026-07-26,San antonio,0,,,9064.09,,,
2026-07-26,San cristobal,0,,,9064.09,,,
2026-07-26,Test_merida,0,,,9064.09,,,
2026-07-26,Valencia,311,283,173.55,9064.09,1.63,32.03,52.23
2026-07-27,Barquisimeto,431,419,229.96,7745.04,1.82,18.48,33.68
2026-07-27,Cabimas,0,,,7745.04,,,
2026-07-27,Caracas,4384,4337,2922.01,7745.04,1.48,1.79,2.65
2026-07-27,Guarenas,214,192,126.45,7745.04,1.52,40.34,61.25
2026-07-27,Maracaibo,91,92,70.35,7745.04,1.31,84.19,110.1
2026-07-27,Maracay,106,114,94.55,7745.04,1.21,67.94,81.91
2026-07-27,Margarita,173,182,127.17,7745.04,1.43,42.56,60.9
2026-07-27,Puerto la cruz,352,335,209.01,7745.04,1.6,23.12,37.06
2026-07-27,San antonio,0,,,7745.04,,,
2026-07-27,San cristobal,0,,,7745.04,,,
2026-07-27,Test_merida,0,,,7745.04,,,
2026-07-27,Valencia,250,268,151.94,7745.04,1.76,28.9,50.98
2026-07-28,Barquisimeto,451,469,223.79,8165.11,2.1,17.41,36.49
2026-07-28,Cabimas,0,,,8165.11,,,
2026-07-28,Caracas,4536,4503,2965.34,8165.11,1.52,1.81,2.75
2026-07-28,Guarenas,231,202,140.9,8165.11,1.43,40.42,57.95
2026-07-28,Maracaibo,98,81,65.8,8165.11,1.23,100.8,124.08
2026-07-28,Maracay,118,133,96.56,8165.11,1.38,61.39,84.56
2026-07-28,Margarita,185,184,137.98,8165.11,1.33,44.38,59.18
2026-07-28,Puerto la cruz,365,346,213.1,8165.11,1.62,23.6,38.32
2026-07-28,San antonio,0,,,8165.11,,,
2026-07-28,San cristobal,0,,,8165.11,,,
2026-07-28,Test_merida,0,,,8165.11,,,
2026-07-28,Valencia,278,274,155.94,8165.11,1.76,29.8,52.36
2026-07-29,Barquisimeto,472,479,241.16,8544.4,1.99,17.84,35.43
2026-07-29,Cabimas,0,,,8544.4,,,
2026-07-29,Caracas,4792,4876,3034.04,8544.4,1.61,1.75,2.82
2026-07-29,Guarenas,236,217,141.62,8544.4,1.53,39.38,60.34
2026-07-29,Maracaibo,85,81,66.59,8544.4,1.22,105.49,128.3
2026-07-29,Maracay,125,144,104.76,8544.4,1.37,59.34,81.56
2026-07-29,Margarita,186,195,135.72,8544.4,1.44,43.82,62.96
2026-07-29,Puerto la cruz,364,338,207.69,8544.4,1.63,25.28,41.14
2026-07-29,San antonio,0,,,8544.4,,,
2026-07-29,San cristobal,0,,,8544.4,,,
2026-07-29,Test_merida,0,,,8544.4,,,
2026-07-29,Valencia,281,280,168.14,8544.4,1.67,30.52,50.82
2026-07-30,Barquisimeto,503,536,252.73,9687.98,2.12,18.07,38.33
2026-07-30,Cabimas,0,,,9687.98,,,
2026-07-30,Caracas,6067,5773,3613.86,9687.98,1.6,1.68,2.68
2026-07-30,Guarenas,309,242,160.97,9687.98,1.5,40.03,60.18
2026-07-30,Maracaibo,97,81,68.28,9687.98,1.19,119.6,141.88
2026-07-30,Maracay,136,145,94.02,9687.98,1.54,66.81,103.04
2026-07-30,Margarita,194,186,128.92,9687.98,1.44,52.09,75.15
2026-07-30,Puerto la cruz,363,363,191.27,9687.98,1.9,26.69,50.65
2026-07-30,San antonio,0,,,9687.98,,,
2026-07-30,San cristobal,0,,,9687.98,,,
2026-07-30,Test_merida,0,,,9687.98,,,
2026-07-30,Valencia,322,341,180.47,9687.98,1.89,28.41,53.68
2026-07-31,Barquisimeto,623,654,288.47,12991.44,2.27,19.86,45.04
2026-07-31,Cabimas,0,,,12991.44,,,
2026-07-31,Caracas,7302,7256,3890.18,12991.44,1.87,1.79,3.34
2026-07-31,Guarenas,376,363,209.15,12991.44,1.74,35.79,62.12
2026-07-31,Maracaibo,93,80,71.18,12991.44,1.12,162.39,182.52
2026-07-31,Maracay,161,183,113.17,12991.44,1.62,70.99,114.8
2026-07-31,Margarita,213,169,131.6,12991.44,1.28,76.87,98.72
2026-07-31,Puerto la cruz,444,434,222.63,12991.44,1.95,29.93,58.35
2026-07-31,San antonio,0,,,12991.44,,,
2026-07-31,San cristobal,0,,,12991.44,,,
2026-07-31,Test_merida,0,,,12991.44,,,
2026-07-31,Valencia,374,424,243.35,12991.44,1.74,30.64,53.39
2026-08-01,Barquisimeto,534,566,286.89,11097.16,1.97,19.61,38.68
2026-08-01,Cabimas,0,,,11097.16,,,
2026-08-01,Caracas,6217,6381,3550.85,11097.16,1.8,1.74,3.13
2026-08-01,Guarenas,334,350,171.75,11097.16,2.04,31.71,64.61
2026-08-01,Maracaibo,86,79,64.07,11097.16,1.23,140.47,173.21
2026-08-01,Maracay,155,190,112.86,11097.16,1.68,58.41,98.32
2026-08-01,Margarita,205,188,133.83,11097.16,1.4,59.03,82.92
2026-08-01,Puerto la cruz,436,384,203.82,11097.16,1.88,28.9,54.44
2026-08-01,San antonio,0,,,11097.16,,,
2026-08-01,San cristobal,0,,,11097.16,,,
2026-08-01,Test_merida,0,,,11097.16,,,
2026-08-01,Valencia,347,356,196.48,11097.16,1.81,31.17,56.48
2026-08-02,Barquisimeto,488,471,260.14,10182.61,1.81,21.62,39.14
2026-08-02,Cabimas,0,,,10182.61,,,
2026-08-02,Caracas,5814,5887,3072.02,10182.61,1.92,1.73,3.31
2026-08-02,Guarenas,312,310,156.48,10182.61,1.98,32.85,65.07
2026-08-02,Maracaibo,91,84,62.94,10182.61,1.33,121.22,161.79
2026-08-02,Maracay,171,154,131.82,10182.61,1.17,66.12,77.24
2026-08-02,Margarita,212,193,141.19,10182.61,1.37,52.76,72.12
2026-08-02,Puerto la cruz,389,351,204.86,10182.61,1.71,29.01,49.71
2026-08-02,San antonio,0,,,10182.61,,,
2026-08-02,San cristobal,0,,,10182.61,,,
2026-08-02,Test_merida,0,,,10182.61,,,
2026-08-02,Valencia,331,284,184.08,10182.61,1.54,35.85,55.32
2026-08-03,Barquisimeto,462,487,248.34,8280.9,1.96,17,33.35
2026-08-03,Cabimas,0,,,8280.9,,,
2026-08-03,Caracas,4643,4799,3018.77,8280.9,1.59,1.73,2.74
2026-08-03,Guarenas,218,193,118.59,8280.9,1.63,42.91,69.83
2026-08-03,Maracaibo,89,88,64.58,8280.9,1.36,94.1,128.22
2026-08-03,Maracay,133,140,99.89,8280.9,1.4,59.15,82.9
2026-08-03,Margarita,172,154,122.41,8280.9,1.26,53.77,67.65
2026-08-03,Puerto la cruz,354,289,209.54,8280.9,1.38,28.65,39.52
2026-08-03,San antonio,0,,,8280.9,,,
2026-08-03,San cristobal,0,,,8280.9,,,
2026-08-03,Test_merida,0,,,8280.9,,,
2026-08-03,Valencia,262,259,144.65,8280.9,1.79,31.97,57.25
2026-08-04,Barquisimeto,489,438,224.17,8520.59,1.95,19.45,38.01
2026-08-04,Cabimas,0,,,8520.59,,,
2026-08-04,Caracas,4867,4814,2913.23,8520.59,1.65,1.77,2.92
2026-08-04,Guarenas,234,247,146.41,8520.59,1.69,34.5,58.2
2026-08-04,Maracaibo,97,81,66.34,8520.59,1.22,105.19,128.44
2026-08-04,Maracay,147,147,105.92,8520.59,1.39,57.96,80.44
2026-08-04,Margarita,183,157,113.69,8520.59,1.38,54.27,74.94
2026-08-04,Puerto la cruz,365,314,194.33,8520.59,1.62,27.14,43.85
2026-08-04,San antonio,0,,,8520.59,,,
2026-08-04,San cristobal,0,,,8520.59,,,
2026-08-04,Test_merida,0,,,8520.59,,,
2026-08-04,Valencia,289,262,143.9,8520.59,1.82,32.52,59.21
2026-08-05,Barquisimeto,497,451,239.59,8751.82,1.88,19.41,36.53
2026-08-05,Cabimas,0,,,8751.82,,,
2026-08-05,Caracas,5078,5085,3194.01,8751.82,1.59,1.72,2.74
2026-08-05,Guarenas,242,235,145.95,8751.82,1.61,37.24,59.96
2026-08-05,Maracaibo,89,84,63.42,8751.82,1.32,104.19,138.01
2026-08-05,Maracay,152,131,106.98,8751.82,1.22,66.81,81.81
2026-08-05,Margarita,181,181,116.35,8751.82,1.56,48.35,75.22
2026-08-05,Puerto la cruz,361,336,185.46,8751.82,1.81,26.05,47.19
2026-08-05,San antonio,0,,,8751.82,,,
2026-08-05,San cristobal,0,,,8751.82,,,
2026-08-05,Test_merida,0,,,8751.82,,,
2026-08-05,Valencia,288,278,150.63,8751.82,1.85,31.48,58.1
2026-08-06,Barquisimeto,492,484,232.28,9041.72,2.08,18.68,38.93
2026-08-06,Cabimas,0,,,9041.72,,,
2026-08-06,Caracas,5472,5332,3319.24,9041.72,1.61,1.7,2.72
2026-08-06,Guarenas,256,214,136.6,9041.72,1.57,42.25,66.19
2026-08-06,Maracaibo,92,83,63.33,9041.72,1.31,108.94,142.78
2026-08-06,Maracay,158,124,117.11,9041.72,1.06,72.92,77.21
2026-08-06,Margarita,190,170,122.76,9041.72,1.38,53.19,73.66
2026-08-06,Puerto la cruz,378,329,180.05,9041.72,1.83,27.48,50.22
2026-08-06,San antonio,0,,,9041.72,,,
2026-08-06,San cristobal,0,,,9041.72,,,
2026-08-06,Test_merida,0,,,9041.72,,,
2026-08-06,Valencia,298,286,168.89,9041.72,1.69,31.61,53.54
2026-08-07,Barquisimeto,579,564,266.93,11061.65,2.11,19.61,41.44
2026-08-07,Cabimas,0,,,11061.65,,,
2026-08-07,Caracas,6811,6703,3734.25,11061.65,1.8,1.65,2.96
2026-08-07,Guarenas,356,336,198.47,11061.65,1.69,32.92,55.73
2026-08-07,Maracaibo,98,74,60.98,11061.65,1.21,149.48,181.41
2026-08-07,Maracay,177,160,135.93,11061.65,1.18,69.14,81.38
2026-08-07,Margarita,205,188,131.43,11061.65,1.43,58.84,84.16
2026-08-07,Puerto la cruz,408,407,222.11,11061.65,1.83,27.18,49.8
2026-08-07,San antonio,0,,,11061.65,,,
2026-08-07,San cristobal,0,,,11061.65,,,
2026-08-07,Test_merida,0,,,11061.65,,,
2026-08-07,Valencia,348,304,185.99,11061.65,1.63,36.39,59.47
2026-08-08,Barquisimeto,531,489,295.05,10460.84,1.66,21.39,35.45
2026-08-08,Cabimas,0,,,10460.84,,,
2026-08-08,Caracas,6056,6047,3702.47,10460.84,1.63,1.73,2.83
2026-08-08,Guarenas,355,315,192.38,10460.84,1.64,33.21,54.38
2026-08-08,Maracaibo,85,76,55.78,10460.84,1.36,137.64,187.53
2026-08-08,Maracay,169,183,126.51,10460.84,1.45,57.16,82.69
2026-08-08,Margarita,196,171,128.04,10460.84,1.34,61.17,81.7
2026-08-08,Puerto la cruz,402,391,195.94,10460.84,2.0,26.75,53.39
2026-08-08,San antonio,0,,,10460.84,,,
2026-08-08,San cristobal,0,,,10460.84,,,
2026-08-08,Test_merida,0,,,10460.84,,,
2026-08-08,Valencia,321,327,183.87,10460.84,1.78,31.99,56.89
2026-08-09,Barquisimeto,471,435,260.92,9911.9,1.67,22.79,37.99
2026-08-09,Cabimas,0,,,9911.9,,,
2026-08-09,Caracas,5734,5770,3114.14,9911.9,1.85,1.72,3.18
2026-08-09,Guarenas,308,266,168.86,9911.9,1.58,37.26,58.7
2026-08-09,Maracaibo,87,76,60.23,9911.9,1.26,130.42,164.58
2026-08-09,Maracay,175,126,128.75,9911.9,0.98,78.67,76.98
2026-08-09,Margarita,207,186,138.87,9911.9,1.34,53.29,71.38
2026-08-09,Puerto la cruz,360,353,191.0,9911.9,1.85,28.08,51.89
2026-08-09,San antonio,0,,,9911.9,,,
2026-08-09,San cristobal,0,,,9911.9,,,
2026-08-09,Test_merida,0,,,9911.9,,,
2026-08-09,Valencia,315,267,175.31,9911.9,1.52,37.12,56.54
2026-08-10,Barquisimeto,444,429,247.65,7978.16,1.73,18.6,32.22
2026-08-10,Cabimas,0,,,7978.16,,,
2026-08-10,Caracas,4537,4558,2963.4,7978.16,1.54,1.75,2.69
2026-08-10,Guarenas,194,207,134.14,7978.16,1.54,38.54,59.48
2026-08-10,Maracaibo,92,78,62.54,7978.16,1.25,102.28,127.56
2026-08-10,Maracay,141,123,101.12,7978.16,1.22,64.86,78.9
2026-08-10,Margarita,195,162,129.14,7978.16,1.25,49.25,61.78
2026-08-10,Puerto la cruz,364,324,192.43,7978.16,1.68,24.62,41.46
2026-08-10,San antonio,0,,,7978.16,,,
2026-08-10,San cristobal,0,,,7978.16,,,
2026-08-10,Test_merida,0,,,7978.16,,,
2026-08-10,Valencia,254,240,150.54,7978.16,1.59,33.24,53.0
2026-08-11,Barquisimeto,469,467,233.99,8219.65,2.0,17.6,35.13
2026-08-11,Cabimas,0,,,8219.65,,,
2026-08-11,Caracas,4694,4605,3010.94,8219.65,1.53,1.78,2.73
2026-08-11,Guarenas,232,221,135.37,8219.65,1.63,37.19,60.72
2026-08-11,Maracaibo,101,71,61.69,8219.65,1.15,115.77,133.24
2026-08-11,Maracay,143,142,93.44,8219.65,1.52,57.88,87.96
2026-08-11,Margarita,187,161,113.57,8219.65,1.42,51.05,72.37
2026-08-11,Puerto la cruz,361,334,194.82,8219.65,1.71,24.61,42.19
2026-08-11,San antonio,0,,,8219.65,,,
2026-08-11,San cristobal,0,,,8219.65,,,
2026-08-11,Test_merida,0,,,8219.65,,,
2026-08-11,Valencia,276,284,152.08,8219.65,1.87,28.94,54.05
2026-08-12,Barquisimeto,489,423,250.1,8203.64,1.69,19.39,32.8
2026-08-12,Cabimas,0,,,8203.64,,,
2026-08-12,Caracas,4875,4719,3155.33,8203.64,1.5,1.74,2.6
2026-08-12,Guarenas,239,217,138.69,8203.64,1.56,37.8,59.15
2026-08-12,Maracaibo,93,67,57.21,8203.64,1.17,122.44,143.4
2026-08-12,Maracay,152,121,98.6,8203.64,1.23,67.8,83.2
2026-08-12,Margarita,183,169,118.98,8203.64,1.42,48.54,68.95
2026-08-12,Puerto la cruz,374,362,186.86,8203.64,1.94,22.66,43.9
2026-08-12,San antonio,0,,,8203.64,,,
2026-08-12,San cristobal,0,,,8203.64,,,
2026-08-12,Test_merida,0,,,8203.64,,,
2026-08-12,Valencia,284,287,158.82,8203.64,1.81,28.58,51.65
2026-08-13,Barquisimeto,548,504,244.82,9363.68,2.06,18.58,38.25
2026-08-13,Cabimas,0,,,9363.68,,,
2026-08-13,Caracas,5625,5434,3575.14,9363.68,1.52,1.72,2.62
2026-08-13,Guarenas,251,242,145.14,9363.68,1.67,38.69,64.52
2026-08-13,Maracaibo,94,92,71.52,9363.68,1.29,101.78,130.93
2026-08-13,Maracay,171,151,119.66,9363.68,1.26,62.01,78.26
2026-08-13,Margarita,178,197,122.7,9363.68,1.61,47.53,76.31
2026-08-13,Puerto la cruz,364,381,180.12,9363.68,2.12,24.58,51.98
2026-08-13,San antonio,0,,,9363.68,,,
2026-08-13,San cristobal,0,,,9363.68,,,
2026-08-13,Test_merida,0,,,9363.68,,,
2026-08-13,Valencia,336,316,167.33,9363.68,1.89,29.63,55.96
2026-08-14,Barquisimeto,646,608,272.51,12116.95,2.23,19.93,44.46
2026-08-14,Cabimas,0,,,12116.95,,,
2026-08-14,Caracas,7222,7243,4118.92,12116.95,1.76,1.67,2.94
2026-08-14,Guarenas,365,402,195.91,12116.95,2.05,30.14,61.85
2026-08-14,Maracaibo,100,94,72.17,12116.95,1.3,128.9,167.9
2026-08-14,Maracay,197,215,149.47,12116.95,1.44,56.36,81.07
2026-08-14,Margarita,199,203,126.99,12116.95,1.6,59.69,95.41
2026-08-14,Puerto la cruz,439,423,205.66,12116.95,2.06,28.65,58.92
2026-08-14,San antonio,0,,,12116.95,,,
2026-08-14,San cristobal,0,,,12116.95,,,
2026-08-14,Test_merida,0,,,12116.95,,,
2026-08-14,Valencia,392,403,212.33,12116.95,1.9,30.07,57.07
2026-08-15,Barquisimeto,594,542,296.72,11150.95,1.83,20.57,37.58
2026-08-15,Cabimas,0,,,11150.95,,,
2026-08-15,Caracas,6416,6509,4011.25,11150.95,1.62,1.71,2.78
2026-08-15,Guarenas,354,348,184.43,11150.95,1.89,32.04,60.46
2026-08-15,Maracaibo,95,96,71.31,11150.95,1.35,116.16,156.38
2026-08-15,Maracay,198,223,134.67,11150.95,1.66,50,82.8
2026-08-15,Margarita,206,197,126.89,11150.95,1.55,56.6,87.88
2026-08-15,Puerto la cruz,430,431,205.54,11150.95,2.1,25.87,54.25
2026-08-15,San antonio,0,,,11150.95,,,
2026-08-15,San cristobal,0,,,11150.95,,,
2026-08-15,Test_merida,0,,,11150.95,,,
2026-08-15,Valencia,365,374,188.92,11150.95,1.98,29.82,59.03
2026-08-16,Barquisimeto,499,0,,755.33,,,
2026-08-16,Cabimas,0,,,755.33,,,
2026-08-16,Caracas,5839,3,24.06,755.33,0.12,251.78,31.4
2026-08-16,Guarenas,323,0,,755.33,,,
2026-08-16,Maracaibo,96,0,,755.33,,,
2026-08-16,Maracay,196,0,0.04,755.33,0.0,,18624.58
2026-08-16,Margarita,193,0,,755.33,,,
2026-08-16,Puerto la cruz,392,0,,755.33,,,
2026-08-16,San antonio,0,,,755.33,,,
2026-08-16,San cristobal,0,,,755.33,,,
2026-08-16,Test_merida,0,,,755.33,,,
2026-08-16,Valencia,322,0,,755.33,,,
2026-08-17,Barquisimeto,492,,,,,,
2026-08-17,Cabimas,0,,,,,,
2026-08-17,Caracas,4724,,,,,,
2026-08-17,Guarenas,224,,,,,,
2026-08-17,Maracaibo,91,,,,,,
2026-08-17,Maracay,151,,,,,,
2026-08-17,Margarita,180,,,,,,
2026-08-17,Puerto la cruz,347,,,,,,
2026-08-17,San antonio,0,,,,,,
2026-08-17,San cristobal,0,,,,,,
2026-08-17,Test_merida,0,,,,,,
2026-08-17,Valencia,273,,,,,,
2026-08-18,Barquisimeto,470,,,189,,,
2026-08-18,Cabimas,0,,,189,,,
2026-08-18,Caracas,4825,,,189,,,
2026-08-18,Guarenas,253,,,189,,,
2026-08-18,Maracaibo,86,,,189,,,
2026-08-18,Maracay,158,,,189,,,
2026-08-18,Margarita,180,,,189,,,
2026-08-18,Puerto la cruz,356,,,189,,,
2026-08-18,San antonio,0,,,189,,,
2026-08-18,San cristobal,0,,,189,,,
2026-08-18,Test_merida,0,,,189,,,
2026-08-18,Valencia,290,,,189,,,
2026-08-19,Barquisimeto,487,,,,,,
2026-08-19,Cabimas,0,,,,,,
2026-08-19,Caracas,5008,,,,,,
2026-08-19,Guarenas,252,,,,,,
2026-08-19,Maracaibo,89,,,,,,
2026-08-19,Maracay,155,,,,,,
2026-08-19,Margarita,186,,,,,,
2026-08-19,Puerto la cruz,361,,,,,,
2026-08-19,San antonio,0,,,,,,
2026-08-19,San cristobal,0,,,,,,
2026-08-19,Test_merida,0,,,,,,
2026-08-19,Valencia,293,,,,,,
2026-08-20,Barquisimeto,497,,,,,,
2026-08-20,Cabimas,0,,,,,,
2026-08-20,Caracas,5351,,,,,,
2026-08-20,Guarenas,289,,,,,,
2026-08-20,Maracaibo,81,,,,,,
2026-08-20,Maracay,162,,,,,,
2026-08-20,Margarita,183,,,,,,
2026-08-20,Puerto la cruz,369,,,,,,
2026-08-20,San antonio,0,,,,,,
2026-08-20,San cristobal,0,,,,,,
2026-08-20,Test_merida,0,,,,,,
2026-08-20,Valencia,302,,,,,,
2026-08-21,Barquisimeto,585,,,,,,
2026-08-21,Cabimas,0,,,,,,
2026-08-21,Caracas,6768,,,,,,
2026-08-21,Guarenas,347,,,,,,
2026-08-21,Maracaibo,88,,,,,,
2026-08-21,Maracay,192,,,,,,
2026-08-21,Margarita,195,,,,,,
2026-08-21,Puerto la cruz,429,,,,,,
2026-08-21,San antonio,0,,,,,,
2026-08-21,San cristobal,0,,,,,,
2026-08-21,Test_merida,0,,,,,,
2026-08-21,Valencia,356,,,,,,
2026-08-22,Barquisimeto,534,,,,,,
2026-08-22,Cabimas,0,,,,,,
2026-08-22,Caracas,5977,,,,,,
2026-08-22,Guarenas,347,,,,,,
2026-08-22,Maracaibo,82,,,,,,
2026-08-22,Maracay,194,,,,,,
2026-08-22,Margarita,189,,,,,,
2026-08-22,Puerto la cruz,412,,,,,,
2026-08-22,San antonio,0,,,,,,
2026-08-22,San cristobal,0,,,,,,
2026-08-22,Test_merida,0,,,,,,
2026-08-22,Valencia,336,,,,,,
2026-08-23,Barquisimeto,478,,,,,,
2026-08-23,Cabimas,0,,,,,,
2026-08-23,Caracas,5626,,,,,,
2026-08-23,Guarenas,323,,,,,,
2026-08-23,Maracaibo,84,,,,,,
2026-08-23,Maracay,171,,,,,,
2026-08-23,Margarita,191,,,,,,
2026-08-23,Puerto la cruz,377,,,,,,
2026-08-23,San antonio,0,,,,,,
2026-08-23,San cristobal,0,,,,,,
2026-08-23,Test_merida,0,,,,,,
2026-08-23,Valencia,323,,,,,,
2026-08-24,Barquisimeto,454,,,,,,
2026-08-24,Cabimas,0,,,,,,
2026-08-24,Caracas,4713,,,,,,
2026-08-24,Guarenas,220,,,,,,
2026-08-24,Maracaibo,79,,,,,,
2026-08-24,Maracay,144,,,,,,
2026-08-24,Margarita,164,,,,,,
2026-08-24,Puerto la cruz,339,,,,,,
2026-08-24,San antonio,0,,,,,,
2026-08-24,San cristobal,0,,,,,,
2026-08-24,Test_merida,0,,,,,,
2026-08-24,Valencia,268,,,,,,
2026-08-25,Barquisimeto,470,,,,,,
2026-08-25,Cabimas,0,,,,,,
2026-08-25,Caracas,4848,,,,,,
2026-08-25,Guarenas,239,,,,,,
2026-08-25,Maracaibo,86,,,,,,
2026-08-25,Maracay,155,,,,,,
2026-08-25,Margarita,175,,,,,,
2026-08-25,Puerto la cruz,353,,,,,,
2026-08-25,San antonio,0,,,,,,
2026-08-25,San cristobal,0,,,,,,
2026-08-25,Test_merida,0,,,,,,
2026-08-25,Valencia,290,,,,,,
2026-08-26,Barquisimeto,488,,,,,,
2026-08-26,Cabimas,0,,,,,,
2026-08-26,Caracas,5094,,,,,,
2026-08-26,Guarenas,245,,,,,,
2026-08-26,Maracaibo,80,,,,,,
2026-08-26,Maracay,151,,,,,,
2026-08-26,Margarita,174,,,,,,
2026-08-26,Puerto la cruz,354,,,,,,
2026-08-26,San antonio,0,,,,,,
2026-08-26,San cristobal,0,,,,,,
2026-08-26,Test_merida,0,,,,,,
2026-08-26,Valencia,293,,,,,,
2026-08-27,Barquisimeto,498,,,,,,
2026-08-27,Cabimas,0,,,,,,
2026-08-27,Caracas,5513,,,,,,
2026-08-27,Guarenas,260,,,,,,
2026-08-27,Maracaibo,81,,,,,,
2026-08-27,Maracay,163,,,,,,
2026-08-27,Margarita,182,,,,,,
2026-08-27,Puerto la cruz,369,,,,,,
2026-08-27,San antonio,0,,,,,,
2026-08-27,San cristobal,0,,,,,,
2026-08-27,Test_merida,0,,,,,,
2026-08-27,Valencia,304,,,,,,
2026-08-28,Barquisimeto,586,,,,,,
2026-08-28,Cabimas,0,,,,,,
2026-08-28,Caracas,6945,,,,,,
2026-08-28,Guarenas,337,,,,,,
2026-08-28,Maracaibo,88,,,,,,
2026-08-28,Maracay,191,,,,,,
2026-08-28,Margarita,195,,,,,,
2026-08-28,Puerto la cruz,429,,,,,,
2026-08-28,San antonio,0,,,,,,
2026-08-28,San cristobal,0,,,,,,
2026-08-28,Test_merida,0,,,,,,
2026-08-28,Valencia,356,,,,,,
2026-08-29,Barquisimeto,480.5,,,,,,
2026-08-29,Cabimas,0,,,,,,
2026-08-29,Caracas,5285,,,,,,
2026-08-29,Guarenas,321.5,,,,,,
2026-08-29,Maracaibo,67,,,,,,
2026-08-29,Maracay,140,,,,,,
2026-08-29,Margarita,158,,,,,,
2026-08-29,Puerto la cruz,337.5,,,,,,
2026-08-29,San antonio,0,,,,,,
2026-08-29,San cristobal,0,,,,,,
2026-08-29,Test_merida,0,,,,,,
2026-08-29,Valencia,285,,,,,,
2026-08-30,Caracas,,,,,,,
2026-08-30,Maracay,,,,,,,
